OpenJDK 64-Bit Server VM warning: Sharing is only supported for boot loader classes because bootstrap classpath has been appended
java.lang.instrument.IllegalClassFormatException: Error while instrumenting ch/fmartin/symphony/trello/fuzz/TrelloCardReferenceParserFuzzer.
	at org.jacoco.agent.rt.internal_3570298.CoverageTransformer.transform(CoverageTransformer.java:94)
	at java.instrument/java.lang.instrument.ClassFileTransformer.transform(ClassFileTransformer.java:257)
	at java.instrument/sun.instrument.TransformerManager.transform(TransformerManager.java:188)
	at java.instrument/sun.instrument.InstrumentationImpl.transform(InstrumentationImpl.java:594)
	at java.base/java.lang.ClassLoader.defineClass1(Native Method)
	at java.base/java.lang.ClassLoader.defineClass(ClassLoader.java:962)
	at java.base/java.security.SecureClassLoader.defineClass(SecureClassLoader.java:144)
	at java.base/jdk.internal.loader.BuiltinClassLoader.defineClass(BuiltinClassLoader.java:776)
	at java.base/jdk.internal.loader.BuiltinClassLoader.findClassOnClassPathOrNull(BuiltinClassLoader.java:691)
	at java.base/jdk.internal.loader.BuiltinClassLoader.loadClassOrNull(BuiltinClassLoader.java:620)
	at java.base/jdk.internal.loader.BuiltinClassLoader.loadClass(BuiltinClassLoader.java:578)
	at java.base/java.lang.ClassLoader.loadClass(ClassLoader.java:490)
	at java.base/java.lang.Class.forName0(Native Method)
	at java.base/java.lang.Class.forName(Class.java:547)
	at com.code_intelligence.jazzer.driver.FuzzTargetFinder.findFuzzTarget(FuzzTargetFinder.java:57)
	at com.code_intelligence.jazzer.driver.Driver.start(Driver.java:180)
	at com.code_intelligence.jazzer.Jazzer.start(Jazzer.java:118)
	at com.code_intelligence.jazzer.Jazzer.main(Jazzer.java:77)
Caused by: java.io.IOException: Error while instrumenting ch/fmartin/symphony/trello/fuzz/TrelloCardReferenceParserFuzzer.
	at org.jacoco.agent.rt.internal_3570298.core.instr.Instrumenter.instrumentError(Instrumenter.java:160)
	at org.jacoco.agent.rt.internal_3570298.core.instr.Instrumenter.instrument(Instrumenter.java:110)
	at org.jacoco.agent.rt.internal_3570298.CoverageTransformer.transform(CoverageTransformer.java:92)
	... 17 more
Caused by: java.lang.IllegalArgumentException: Unsupported class file major version 69
	at org.jacoco.agent.rt.internal_3570298.asm.ClassReader.<init>(ClassReader.java:196)
	at org.jacoco.agent.rt.internal_3570298.asm.ClassReader.<init>(ClassReader.java:177)
	at org.jacoco.agent.rt.internal_3570298.asm.ClassReader.<init>(ClassReader.java:163)
	at org.jacoco.agent.rt.internal_3570298.core.internal.instr.InstrSupport.classReaderFor(InstrSupport.java:280)
	at org.jacoco.agent.rt.internal_3570298.core.instr.Instrumenter.instrument(Instrumenter.java:76)
	at org.jacoco.agent.rt.internal_3570298.core.instr.Instrumenter.instrument(Instrumenter.java:108)
	... 18 more
WARNING: A terminally deprecated method in sun.misc.Unsafe has been called
WARNING: sun.misc.Unsafe::arrayBaseOffset has been called by com.code_intelligence.jazzer.driver.FuzzTargetRunner (file:/github/workspace/build-out/jazzer_agent_deploy.jar)
WARNING: Please consider reporting this to the maintainers of class com.code_intelligence.jazzer.driver.FuzzTargetRunner
WARNING: sun.misc.Unsafe::arrayBaseOffset will be removed in a future release
WARNING: A restricted method in java.lang.System has been called
WARNING: java.lang.System::load has been called by com.code_intelligence.jazzer.third_party.com.github.fmeum.rules_jni.RulesJni in an unnamed module (file:/github/workspace/build-out/jazzer_agent_deploy.jar)
WARNING: Use --enable-native-access=ALL-UNNAMED to avoid a warning for callers in this module
WARNING: Restricted methods will be blocked in a future release unless native access is enabled

INFO: using inputs from: /github/workspace/build-out/dummy_corpus_dir_for_TrelloCardReferenceParserFuzzer
INFO: using inputs from: /github/workspace/cifuzz-corpus/TrelloCardReferenceParserFuzzer
INFO: found LLVMFuzzerCustomMutator (0x7f36bd510ab0). Disabling -len_control by default.
INFO: libFuzzer ignores flags that start with '--'
INFO: Running with entropic power schedule (0xFF, 100).
INFO: Seed: 3845725425
MERGE-OUTER: 91 files, 0 in the initial corpus, 0 processed earlier
MERGE-OUTER: attempt 1
java.lang.instrument.IllegalClassFormatException: Error while instrumenting com/sun/tools/attach/AttachNotSupportedException.
	at org.jacoco.agent.rt.internal_3570298.CoverageTransformer.transform(CoverageTransformer.java:94)
	at java.instrument/java.lang.instrument.ClassFileTransformer.transform(ClassFileTransformer.java:257)
	at java.instrument/sun.instrument.TransformerManager.transform(TransformerManager.java:188)
	at java.instrument/sun.instrument.InstrumentationImpl.transform(InstrumentationImpl.java:594)
	at java.base/java.lang.ClassLoader.defineClass2(Native Method)
	at java.base/java.lang.ClassLoader.defineClass(ClassLoader.java:1052)
	at java.base/java.security.SecureClassLoader.defineClass(SecureClassLoader.java:176)
	at java.base/jdk.internal.loader.BuiltinClassLoader.defineClass(BuiltinClassLoader.java:735)
	at java.base/jdk.internal.loader.BuiltinClassLoader.findClassInModuleOrNull(BuiltinClassLoader.java:678)
	at java.base/jdk.internal.loader.BuiltinClassLoader.loadClassOrNull(BuiltinClassLoader.java:604)
	at java.base/jdk.internal.loader.BuiltinClassLoader.loadClass(BuiltinClassLoader.java:578)
	at java.base/java.lang.ClassLoader.loadClass(ClassLoader.java:490)
	at java.base/java.lang.Class.getDeclaredMethods0(Native Method)
	at java.base/java.lang.Class.privateGetDeclaredMethods(Class.java:3010)
	at java.base/java.lang.Class.getMethodsRecursive(Class.java:3146)
	at java.base/java.lang.Class.getMethod0(Class.java:3131)
	at java.base/java.lang.Class.getMethod(Class.java:2164)
	at com.code_intelligence.jazzer.third_party.net.bytebuddy.agent.Attacher.install(Attacher.java:101)
	at com.code_intelligence.jazzer.third_party.net.bytebuddy.agent.ByteBuddyAgent.install(ByteBuddyAgent.java:601)
	at com.code_intelligence.jazzer.third_party.net.bytebuddy.agent.ByteBuddyAgent.install(ByteBuddyAgent.java:579)
	at com.code_intelligence.jazzer.third_party.net.bytebuddy.agent.ByteBuddyAgent.install(ByteBuddyAgent.java:531)
	at com.code_intelligence.jazzer.third_party.net.bytebuddy.agent.ByteBuddyAgent.install(ByteBuddyAgent.java:508)
	at com.code_intelligence.jazzer.agent.AgentInstaller.install(AgentInstaller.java:46)
	at com.code_intelligence.jazzer.driver.Driver.start(Driver.java:179)
	at com.code_intelligence.jazzer.Jazzer.start(Jazzer.java:118)
	at com.code_intelligence.jazzer.Jazzer.main(Jazzer.java:71)
Caused by: java.io.IOException: Error while instrumenting com/sun/tools/attach/AttachNotSupportedException.
	at org.jacoco.agent.rt.internal_3570298.core.instr.Instrumenter.instrumentError(Instrumenter.java:160)
	at org.jacoco.agent.rt.internal_3570298.core.instr.Instrumenter.instrument(Instrumenter.java:110)
	at org.jacoco.agent.rt.internal_3570298.CoverageTransformer.transform(CoverageTransformer.java:92)
	... 25 more
Caused by: java.lang.IllegalArgumentException: Unsupported class file major version 69
	at org.jacoco.agent.rt.internal_3570298.asm.ClassReader.<init>(ClassReader.java:196)
	at org.jacoco.agent.rt.internal_3570298.asm.ClassReader.<init>(ClassReader.java:177)
	at org.jacoco.agent.rt.internal_3570298.asm.ClassReader.<init>(ClassReader.java:163)
	at org.jacoco.agent.rt.internal_3570298.core.internal.instr.InstrSupport.classReaderFor(InstrSupport.java:280)
	at org.jacoco.agent.rt.internal_3570298.core.instr.Instrumenter.instrument(Instrumenter.java:76)
	at org.jacoco.agent.rt.internal_3570298.core.instr.Instrumenter.instrument(Instrumenter.java:108)
	... 26 more
java.lang.instrument.IllegalClassFormatException: Error while instrumenting com/sun/tools/attach/spi/AttachProvider.
	at org.jacoco.agent.rt.internal_3570298.CoverageTransformer.transform(CoverageTransformer.java:94)
	at java.instrument/java.lang.instrument.ClassFileTransformer.transform(ClassFileTransformer.java:257)
	at java.instrument/sun.instrument.TransformerManager.transform(TransformerManager.java:188)
	at java.instrument/sun.instrument.InstrumentationImpl.transform(InstrumentationImpl.java:594)
	at java.base/java.lang.ClassLoader.defineClass2(Native Method)
	at java.base/java.lang.ClassLoader.defineClass(ClassLoader.java:1052)
	at java.base/java.security.SecureClassLoader.defineClass(SecureClassLoader.java:176)
	at java.base/jdk.internal.loader.BuiltinClassLoader.defineClass(BuiltinClassLoader.java:735)
	at java.base/jdk.internal.loader.BuiltinClassLoader.findClassInModuleOrNull(BuiltinClassLoader.java:678)
	at java.base/jdk.internal.loader.BuiltinClassLoader.loadClassOrNull(BuiltinClassLoader.java:604)
	at java.base/jdk.internal.loader.BuiltinClassLoader.loadClass(BuiltinClassLoader.java:578)
	at java.base/java.lang.ClassLoader.loadClass(ClassLoader.java:490)
	at java.base/java.lang.Class.getDeclaredMethods0(Native Method)
	at java.base/java.lang.Class.privateGetDeclaredMethods(Class.java:3010)
	at java.base/java.lang.Class.getMethodsRecursive(Class.java:3146)
	at java.base/java.lang.Class.getMethod0(Class.java:3131)
	at java.base/java.lang.Class.getMethod(Class.java:2164)
	at com.code_intelligence.jazzer.third_party.net.bytebuddy.agent.Attacher.install(Attacher.java:101)
	at com.code_intelligence.jazzer.third_party.net.bytebuddy.agent.ByteBuddyAgent.install(ByteBuddyAgent.java:601)
	at com.code_intelligence.jazzer.third_party.net.bytebuddy.agent.ByteBuddyAgent.install(ByteBuddyAgent.java:579)
	at com.code_intelligence.jazzer.third_party.net.bytebuddy.agent.ByteBuddyAgent.install(ByteBuddyAgent.java:531)
	at com.code_intelligence.jazzer.third_party.net.bytebuddy.agent.ByteBuddyAgent.install(ByteBuddyAgent.java:508)
	at com.code_intelligence.jazzer.agent.AgentInstaller.install(AgentInstaller.java:46)
	at com.code_intelligence.jazzer.driver.Driver.start(Driver.java:179)
	at com.code_intelligence.jazzer.Jazzer.start(Jazzer.java:118)
	at com.code_intelligence.jazzer.Jazzer.main(Jazzer.java:71)
Caused by: java.io.IOException: Error while instrumenting com/sun/tools/attach/spi/AttachProvider.
	at org.jacoco.agent.rt.internal_3570298.core.instr.Instrumenter.instrumentError(Instrumenter.java:160)
	at org.jacoco.agent.rt.internal_3570298.core.instr.Instrumenter.instrument(Instrumenter.java:110)
	at org.jacoco.agent.rt.internal_3570298.CoverageTransformer.transform(CoverageTransformer.java:92)
	... 25 more
Caused by: java.lang.IllegalArgumentException: Unsupported class file major version 69
	at org.jacoco.agent.rt.internal_3570298.asm.ClassReader.<init>(ClassReader.java:196)
	at org.jacoco.agent.rt.internal_3570298.asm.ClassReader.<init>(ClassReader.java:177)
	at org.jacoco.agent.rt.internal_3570298.asm.ClassReader.<init>(ClassReader.java:163)
	at org.jacoco.agent.rt.internal_3570298.core.internal.instr.InstrSupport.classReaderFor(InstrSupport.java:280)
	at org.jacoco.agent.rt.internal_3570298.core.instr.Instrumenter.instrument(Instrumenter.java:76)
	at org.jacoco.agent.rt.internal_3570298.core.instr.Instrumenter.instrument(Instrumenter.java:108)
	... 26 more
java.lang.instrument.IllegalClassFormatException: Error while instrumenting com/sun/tools/attach/VirtualMachineDescriptor.
	at org.jacoco.agent.rt.internal_3570298.CoverageTransformer.transform(CoverageTransformer.java:94)
	at java.instrument/java.lang.instrument.ClassFileTransformer.transform(ClassFileTransformer.java:257)
	at java.instrument/sun.instrument.TransformerManager.transform(TransformerManager.java:188)
	at java.instrument/sun.instrument.InstrumentationImpl.transform(InstrumentationImpl.java:594)
	at java.base/java.lang.ClassLoader.defineClass2(Native Method)
	at java.base/java.lang.ClassLoader.defineClass(ClassLoader.java:1052)
	at java.base/java.security.SecureClassLoader.defineClass(SecureClassLoader.java:176)
	at java.base/jdk.internal.loader.BuiltinClassLoader.defineClass(BuiltinClassLoader.java:735)
	at java.base/jdk.internal.loader.BuiltinClassLoader.findClassInModuleOrNull(BuiltinClassLoader.java:678)
	at java.base/jdk.internal.loader.BuiltinClassLoader.loadClassOrNull(BuiltinClassLoader.java:604)
	at java.base/jdk.internal.loader.BuiltinClassLoader.loadClass(BuiltinClassLoader.java:578)
	at java.base/java.lang.ClassLoader.loadClass(ClassLoader.java:490)
	at java.base/java.lang.Class.getDeclaredMethods0(Native Method)
	at java.base/java.lang.Class.privateGetDeclaredMethods(Class.java:3010)
	at java.base/java.lang.Class.getMethodsRecursive(Class.java:3146)
	at java.base/java.lang.Class.getMethod0(Class.java:3131)
	at java.base/java.lang.Class.getMethod(Class.java:2164)
	at com.code_intelligence.jazzer.third_party.net.bytebuddy.agent.Attacher.install(Attacher.java:101)
	at com.code_intelligence.jazzer.third_party.net.bytebuddy.agent.ByteBuddyAgent.install(ByteBuddyAgent.java:601)
	at com.code_intelligence.jazzer.third_party.net.bytebuddy.agent.ByteBuddyAgent.install(ByteBuddyAgent.java:579)
	at com.code_intelligence.jazzer.third_party.net.bytebuddy.agent.ByteBuddyAgent.install(ByteBuddyAgent.java:531)
	at com.code_intelligence.jazzer.third_party.net.bytebuddy.agent.ByteBuddyAgent.install(ByteBuddyAgent.java:508)
	at com.code_intelligence.jazzer.agent.AgentInstaller.install(AgentInstaller.java:46)
	at com.code_intelligence.jazzer.driver.Driver.start(Driver.java:179)
	at com.code_intelligence.jazzer.Jazzer.start(Jazzer.java:118)
	at com.code_intelligence.jazzer.Jazzer.main(Jazzer.java:71)
Caused by: java.io.IOException: Error while instrumenting com/sun/tools/attach/VirtualMachineDescriptor.
	at org.jacoco.agent.rt.internal_3570298.core.instr.Instrumenter.instrumentError(Instrumenter.java:160)
	at org.jacoco.agent.rt.internal_3570298.core.instr.Instrumenter.instrument(Instrumenter.java:110)
	at org.jacoco.agent.rt.internal_3570298.CoverageTransformer.transform(CoverageTransformer.java:92)
	... 25 more
Caused by: java.lang.IllegalArgumentException: Unsupported class file major version 69
	at org.jacoco.agent.rt.internal_3570298.asm.ClassReader.<init>(ClassReader.java:196)
	at org.jacoco.agent.rt.internal_3570298.asm.ClassReader.<init>(ClassReader.java:177)
	at org.jacoco.agent.rt.internal_3570298.asm.ClassReader.<init>(ClassReader.java:163)
	at org.jacoco.agent.rt.internal_3570298.core.internal.instr.InstrSupport.classReaderFor(InstrSupport.java:280)
	at org.jacoco.agent.rt.internal_3570298.core.instr.Instrumenter.instrument(Instrumenter.java:76)
	at org.jacoco.agent.rt.internal_3570298.core.instr.Instrumenter.instrument(Instrumenter.java:108)
	... 26 more
java.lang.instrument.IllegalClassFormatException: Error while instrumenting com/sun/tools/attach/AgentLoadException.
	at org.jacoco.agent.rt.internal_3570298.CoverageTransformer.transform(CoverageTransformer.java:94)
	at java.instrument/java.lang.instrument.ClassFileTransformer.transform(ClassFileTransformer.java:257)
	at java.instrument/sun.instrument.TransformerManager.transform(TransformerManager.java:188)
	at java.instrument/sun.instrument.InstrumentationImpl.transform(InstrumentationImpl.java:594)
	at java.base/java.lang.ClassLoader.defineClass2(Native Method)
	at java.base/java.lang.ClassLoader.defineClass(ClassLoader.java:1052)
	at java.base/java.security.SecureClassLoader.defineClass(SecureClassLoader.java:176)
	at java.base/jdk.internal.loader.BuiltinClassLoader.defineClass(BuiltinClassLoader.java:735)
	at java.base/jdk.internal.loader.BuiltinClassLoader.findClassInModuleOrNull(BuiltinClassLoader.java:678)
	at java.base/jdk.internal.loader.BuiltinClassLoader.loadClassOrNull(BuiltinClassLoader.java:604)
	at java.base/jdk.internal.loader.BuiltinClassLoader.loadClass(BuiltinClassLoader.java:578)
	at java.base/java.lang.ClassLoader.loadClass(ClassLoader.java:490)
	at java.base/java.lang.Class.getDeclaredMethods0(Native Method)
	at java.base/java.lang.Class.privateGetDeclaredMethods(Class.java:3010)
	at java.base/java.lang.Class.getMethodsRecursive(Class.java:3146)
	at java.base/java.lang.Class.getMethod0(Class.java:3131)
	at java.base/java.lang.Class.getMethod(Class.java:2164)
	at com.code_intelligence.jazzer.third_party.net.bytebuddy.agent.Attacher.install(Attacher.java:101)
	at com.code_intelligence.jazzer.third_party.net.bytebuddy.agent.ByteBuddyAgent.install(ByteBuddyAgent.java:601)
	at com.code_intelligence.jazzer.third_party.net.bytebuddy.agent.ByteBuddyAgent.install(ByteBuddyAgent.java:579)
	at com.code_intelligence.jazzer.third_party.net.bytebuddy.agent.ByteBuddyAgent.install(ByteBuddyAgent.java:531)
	at com.code_intelligence.jazzer.third_party.net.bytebuddy.agent.ByteBuddyAgent.install(ByteBuddyAgent.java:508)
	at com.code_intelligence.jazzer.agent.AgentInstaller.install(AgentInstaller.java:46)
	at com.code_intelligence.jazzer.driver.Driver.start(Driver.java:179)
	at com.code_intelligence.jazzer.Jazzer.start(Jazzer.java:118)
	at com.code_intelligence.jazzer.Jazzer.main(Jazzer.java:71)
Caused by: java.io.IOException: Error while instrumenting com/sun/tools/attach/AgentLoadException.
	at org.jacoco.agent.rt.internal_3570298.core.instr.Instrumenter.instrumentError(Instrumenter.java:160)
	at org.jacoco.agent.rt.internal_3570298.core.instr.Instrumenter.instrument(Instrumenter.java:110)
	at org.jacoco.agent.rt.internal_3570298.CoverageTransformer.transform(CoverageTransformer.java:92)
	... 25 more
Caused by: java.lang.IllegalArgumentException: Unsupported class file major version 69
	at org.jacoco.agent.rt.internal_3570298.asm.ClassReader.<init>(ClassReader.java:196)
	at org.jacoco.agent.rt.internal_3570298.asm.ClassReader.<init>(ClassReader.java:177)
	at org.jacoco.agent.rt.internal_3570298.asm.ClassReader.<init>(ClassReader.java:163)
	at org.jacoco.agent.rt.internal_3570298.core.internal.instr.InstrSupport.classReaderFor(InstrSupport.java:280)
	at org.jacoco.agent.rt.internal_3570298.core.instr.Instrumenter.instrument(Instrumenter.java:76)
	at org.jacoco.agent.rt.internal_3570298.core.instr.Instrumenter.instrument(Instrumenter.java:108)
	... 26 more
java.lang.instrument.IllegalClassFormatException: Error while instrumenting com/sun/tools/attach/AgentInitializationException.
	at org.jacoco.agent.rt.internal_3570298.CoverageTransformer.transform(CoverageTransformer.java:94)
	at java.instrument/java.lang.instrument.ClassFileTransformer.transform(ClassFileTransformer.java:257)
	at java.instrument/sun.instrument.TransformerManager.transform(TransformerManager.java:188)
	at java.instrument/sun.instrument.InstrumentationImpl.transform(InstrumentationImpl.java:594)
	at java.base/java.lang.ClassLoader.defineClass2(Native Method)
	at java.base/java.lang.ClassLoader.defineClass(ClassLoader.java:1052)
	at java.base/java.security.SecureClassLoader.defineClass(SecureClassLoader.java:176)
	at java.base/jdk.internal.loader.BuiltinClassLoader.defineClass(BuiltinClassLoader.java:735)
	at java.base/jdk.internal.loader.BuiltinClassLoader.findClassInModuleOrNull(BuiltinClassLoader.java:678)
	at java.base/jdk.internal.loader.BuiltinClassLoader.loadClassOrNull(BuiltinClassLoader.java:604)
	at java.base/jdk.internal.loader.BuiltinClassLoader.loadClass(BuiltinClassLoader.java:578)
	at java.base/java.lang.ClassLoader.loadClass(ClassLoader.java:490)
	at java.base/java.lang.Class.getDeclaredMethods0(Native Method)
	at java.base/java.lang.Class.privateGetDeclaredMethods(Class.java:3010)
	at java.base/java.lang.Class.getMethodsRecursive(Class.java:3146)
	at java.base/java.lang.Class.getMethod0(Class.java:3131)
	at java.base/java.lang.Class.getMethod(Class.java:2164)
	at com.code_intelligence.jazzer.third_party.net.bytebuddy.agent.Attacher.install(Attacher.java:101)
	at com.code_intelligence.jazzer.third_party.net.bytebuddy.agent.ByteBuddyAgent.install(ByteBuddyAgent.java:601)
	at com.code_intelligence.jazzer.third_party.net.bytebuddy.agent.ByteBuddyAgent.install(ByteBuddyAgent.java:579)
	at com.code_intelligence.jazzer.third_party.net.bytebuddy.agent.ByteBuddyAgent.install(ByteBuddyAgent.java:531)
	at com.code_intelligence.jazzer.third_party.net.bytebuddy.agent.ByteBuddyAgent.install(ByteBuddyAgent.java:508)
	at com.code_intelligence.jazzer.agent.AgentInstaller.install(AgentInstaller.java:46)
	at com.code_intelligence.jazzer.driver.Driver.start(Driver.java:179)
	at com.code_intelligence.jazzer.Jazzer.start(Jazzer.java:118)
	at com.code_intelligence.jazzer.Jazzer.main(Jazzer.java:71)
Caused by: java.io.IOException: Error while instrumenting com/sun/tools/attach/AgentInitializationException.
	at org.jacoco.agent.rt.internal_3570298.core.instr.Instrumenter.instrumentError(Instrumenter.java:160)
	at org.jacoco.agent.rt.internal_3570298.core.instr.Instrumenter.instrument(Instrumenter.java:110)
	at org.jacoco.agent.rt.internal_3570298.CoverageTransformer.transform(CoverageTransformer.java:92)
	... 25 more
Caused by: java.lang.IllegalArgumentException: Unsupported class file major version 69
	at org.jacoco.agent.rt.internal_3570298.asm.ClassReader.<init>(ClassReader.java:196)
	at org.jacoco.agent.rt.internal_3570298.asm.ClassReader.<init>(ClassReader.java:177)
	at org.jacoco.agent.rt.internal_3570298.asm.ClassReader.<init>(ClassReader.java:163)
	at org.jacoco.agent.rt.internal_3570298.core.internal.instr.InstrSupport.classReaderFor(InstrSupport.java:280)
	at org.jacoco.agent.rt.internal_3570298.core.instr.Instrumenter.instrument(Instrumenter.java:76)
	at org.jacoco.agent.rt.internal_3570298.core.instr.Instrumenter.instrument(Instrumenter.java:108)
	... 26 more
java.lang.instrument.IllegalClassFormatException: Error while instrumenting sun/tools/attach/AttachProviderImpl.
	at org.jacoco.agent.rt.internal_3570298.CoverageTransformer.transform(CoverageTransformer.java:94)
	at java.instrument/java.lang.instrument.ClassFileTransformer.transform(ClassFileTransformer.java:257)
	at java.instrument/sun.instrument.TransformerManager.transform(TransformerManager.java:188)
	at java.instrument/sun.instrument.InstrumentationImpl.transform(InstrumentationImpl.java:594)
	at java.base/java.lang.ClassLoader.defineClass2(Native Method)
	at java.base/java.lang.ClassLoader.defineClass(ClassLoader.java:1052)
	at java.base/java.security.SecureClassLoader.defineClass(SecureClassLoader.java:176)
	at java.base/jdk.internal.loader.BuiltinClassLoader.defineClass(BuiltinClassLoader.java:735)
	at java.base/jdk.internal.loader.BuiltinClassLoader.findClassInModuleOrNull(BuiltinClassLoader.java:678)
	at java.base/jdk.internal.loader.BuiltinClassLoader.findClass(BuiltinClassLoader.java:560)
	at java.base/java.lang.ClassLoader.loadClass(ClassLoader.java:602)
	at java.base/java.lang.Class.forName(Class.java:599)
	at java.base/java.util.ServiceLoader.loadProvider(ServiceLoader.java:755)
	at java.base/java.util.ServiceLoader$ModuleServicesLookupIterator.hasNext(ServiceLoader.java:955)
	at java.base/java.util.ServiceLoader$1.hasNext(ServiceLoader.java:1164)
	at java.base/java.util.ServiceLoader$2.hasNext(ServiceLoader.java:1246)
	at jdk.attach/com.sun.tools.attach.spi.AttachProvider.providers(AttachProvider.java:238)
	at jdk.attach/com.sun.tools.attach.VirtualMachine.attach(VirtualMachine.java:194)
	at java.base/jdk.internal.reflect.DirectMethodHandleAccessor.invoke(DirectMethodHandleAccessor.java:104)
	at java.base/java.lang.reflect.Method.invoke(Method.java:565)
	at com.code_intelligence.jazzer.third_party.net.bytebuddy.agent.Attacher.install(Attacher.java:102)
	at com.code_intelligence.jazzer.third_party.net.bytebuddy.agent.ByteBuddyAgent.install(ByteBuddyAgent.java:601)
	at com.code_intelligence.jazzer.third_party.net.bytebuddy.agent.ByteBuddyAgent.install(ByteBuddyAgent.java:579)
	at com.code_intelligence.jazzer.third_party.net.bytebuddy.agent.ByteBuddyAgent.install(ByteBuddyAgent.java:531)
	at com.code_intelligence.jazzer.third_party.net.bytebuddy.agent.ByteBuddyAgent.install(ByteBuddyAgent.java:508)
	at com.code_intelligence.jazzer.agent.AgentInstaller.install(AgentInstaller.java:46)
	at com.code_intelligence.jazzer.driver.Driver.start(Driver.java:179)
	at com.code_intelligence.jazzer.Jazzer.start(Jazzer.java:118)
	at com.code_intelligence.jazzer.Jazzer.main(Jazzer.java:71)
Caused by: java.io.IOException: Error while instrumenting sun/tools/attach/AttachProviderImpl.
	at org.jacoco.agent.rt.internal_3570298.core.instr.Instrumenter.instrumentError(Instrumenter.java:160)
	at org.jacoco.agent.rt.internal_3570298.core.instr.Instrumenter.instrument(Instrumenter.java:110)
	at org.jacoco.agent.rt.internal_3570298.CoverageTransformer.transform(CoverageTransformer.java:92)
	... 28 more
Caused by: java.lang.IllegalArgumentException: Unsupported class file major version 69
	at org.jacoco.agent.rt.internal_3570298.asm.ClassReader.<init>(ClassReader.java:196)
	at org.jacoco.agent.rt.internal_3570298.asm.ClassReader.<init>(ClassReader.java:177)
	at org.jacoco.agent.rt.internal_3570298.asm.ClassReader.<init>(ClassReader.java:163)
	at org.jacoco.agent.rt.internal_3570298.core.internal.instr.InstrSupport.classReaderFor(InstrSupport.java:280)
	at org.jacoco.agent.rt.internal_3570298.core.instr.Instrumenter.instrument(Instrumenter.java:76)
	at org.jacoco.agent.rt.internal_3570298.core.instr.Instrumenter.instrument(Instrumenter.java:108)
	... 29 more
java.lang.instrument.IllegalClassFormatException: Error while instrumenting sun/tools/attach/HotSpotAttachProvider.
	at org.jacoco.agent.rt.internal_3570298.CoverageTransformer.transform(CoverageTransformer.java:94)
	at java.instrument/java.lang.instrument.ClassFileTransformer.transform(ClassFileTransformer.java:257)
	at java.instrument/sun.instrument.TransformerManager.transform(TransformerManager.java:188)
	at java.instrument/sun.instrument.InstrumentationImpl.transform(InstrumentationImpl.java:594)
	at java.base/java.lang.ClassLoader.defineClass2(Native Method)
	at java.base/java.lang.ClassLoader.defineClass(ClassLoader.java:1052)
	at java.base/java.security.SecureClassLoader.defineClass(SecureClassLoader.java:176)
	at java.base/jdk.internal.loader.BuiltinClassLoader.defineClass(BuiltinClassLoader.java:735)
	at java.base/jdk.internal.loader.BuiltinClassLoader.findClassInModuleOrNull(BuiltinClassLoader.java:678)
	at java.base/jdk.internal.loader.BuiltinClassLoader.loadClassOrNull(BuiltinClassLoader.java:604)
	at java.base/jdk.internal.loader.BuiltinClassLoader.loadClass(BuiltinClassLoader.java:578)
	at java.base/java.lang.ClassLoader.loadClass(ClassLoader.java:490)
	at java.base/java.lang.ClassLoader.defineClass2(Native Method)
	at java.base/java.lang.ClassLoader.defineClass(ClassLoader.java:1052)
	at java.base/java.security.SecureClassLoader.defineClass(SecureClassLoader.java:176)
	at java.base/jdk.internal.loader.BuiltinClassLoader.defineClass(BuiltinClassLoader.java:735)
	at java.base/jdk.internal.loader.BuiltinClassLoader.findClassInModuleOrNull(BuiltinClassLoader.java:678)
	at java.base/jdk.internal.loader.BuiltinClassLoader.findClass(BuiltinClassLoader.java:560)
	at java.base/java.lang.ClassLoader.loadClass(ClassLoader.java:602)
	at java.base/java.lang.Class.forName(Class.java:599)
	at java.base/java.util.ServiceLoader.loadProvider(ServiceLoader.java:755)
	at java.base/java.util.ServiceLoader$ModuleServicesLookupIterator.hasNext(ServiceLoader.java:955)
	at java.base/java.util.ServiceLoader$1.hasNext(ServiceLoader.java:1164)
	at java.base/java.util.ServiceLoader$2.hasNext(ServiceLoader.java:1246)
	at jdk.attach/com.sun.tools.attach.spi.AttachProvider.providers(AttachProvider.java:238)
	at jdk.attach/com.sun.tools.attach.VirtualMachine.attach(VirtualMachine.java:194)
	at java.base/jdk.internal.reflect.DirectMethodHandleAccessor.invoke(DirectMethodHandleAccessor.java:104)
	at java.base/java.lang.reflect.Method.invoke(Method.java:565)
	at com.code_intelligence.jazzer.third_party.net.bytebuddy.agent.Attacher.install(Attacher.java:102)
	at com.code_intelligence.jazzer.third_party.net.bytebuddy.agent.ByteBuddyAgent.install(ByteBuddyAgent.java:601)
	at com.code_intelligence.jazzer.third_party.net.bytebuddy.agent.ByteBuddyAgent.install(ByteBuddyAgent.java:579)
	at com.code_intelligence.jazzer.third_party.net.bytebuddy.agent.ByteBuddyAgent.install(ByteBuddyAgent.java:531)
	at com.code_intelligence.jazzer.third_party.net.bytebuddy.agent.ByteBuddyAgent.install(ByteBuddyAgent.java:508)
	at com.code_intelligence.jazzer.agent.AgentInstaller.install(AgentInstaller.java:46)
	at com.code_intelligence.jazzer.driver.Driver.start(Driver.java:179)
	at com.code_intelligence.jazzer.Jazzer.start(Jazzer.java:118)
	at com.code_intelligence.jazzer.Jazzer.main(Jazzer.java:71)
Caused by: java.io.IOException: Error while instrumenting sun/tools/attach/HotSpotAttachProvider.
	at org.jacoco.agent.rt.internal_3570298.core.instr.Instrumenter.instrumentError(Instrumenter.java:160)
	at org.jacoco.agent.rt.internal_3570298.core.instr.Instrumenter.instrument(Instrumenter.java:110)
	at org.jacoco.agent.rt.internal_3570298.CoverageTransformer.transform(CoverageTransformer.java:92)
	... 36 more
Caused by: java.lang.IllegalArgumentException: Unsupported class file major version 69
	at org.jacoco.agent.rt.internal_3570298.asm.ClassReader.<init>(ClassReader.java:196)
	at org.jacoco.agent.rt.internal_3570298.asm.ClassReader.<init>(ClassReader.java:177)
	at org.jacoco.agent.rt.internal_3570298.asm.ClassReader.<init>(ClassReader.java:163)
	at org.jacoco.agent.rt.internal_3570298.core.internal.instr.InstrSupport.classReaderFor(InstrSupport.java:280)
	at org.jacoco.agent.rt.internal_3570298.core.instr.Instrumenter.instrument(Instrumenter.java:76)
	at org.jacoco.agent.rt.internal_3570298.core.instr.Instrumenter.instrument(Instrumenter.java:108)
	... 37 more
java.lang.instrument.IllegalClassFormatException: Error while instrumenting sun/tools/attach/VirtualMachineImpl.
	at org.jacoco.agent.rt.internal_3570298.CoverageTransformer.transform(CoverageTransformer.java:94)
	at java.instrument/java.lang.instrument.ClassFileTransformer.transform(ClassFileTransformer.java:257)
	at java.instrument/sun.instrument.TransformerManager.transform(TransformerManager.java:188)
	at java.instrument/sun.instrument.InstrumentationImpl.transform(InstrumentationImpl.java:594)
	at java.base/java.lang.ClassLoader.defineClass2(Native Method)
	at java.base/java.lang.ClassLoader.defineClass(ClassLoader.java:1052)
	at java.base/java.security.SecureClassLoader.defineClass(SecureClassLoader.java:176)
	at java.base/jdk.internal.loader.BuiltinClassLoader.defineClass(BuiltinClassLoader.java:735)
	at java.base/jdk.internal.loader.BuiltinClassLoader.findClassInModuleOrNull(BuiltinClassLoader.java:678)
	at java.base/jdk.internal.loader.BuiltinClassLoader.loadClassOrNull(BuiltinClassLoader.java:604)
	at java.base/jdk.internal.loader.BuiltinClassLoader.loadClass(BuiltinClassLoader.java:578)
	at java.base/java.lang.ClassLoader.loadClass(ClassLoader.java:490)
	at java.base/java.lang.Class.getDeclaredMethods0(Native Method)
	at java.base/java.lang.Class.privateGetDeclaredMethods(Class.java:3010)
	at java.base/java.lang.Class.getDeclaredPublicMethods(Class.java:2438)
	at java.base/java.lang.System$1.getDeclaredPublicMethods(System.java:2000)
	at java.base/java.util.ServiceLoader.findStaticProviderMethod(ServiceLoader.java:586)
	at java.base/java.util.ServiceLoader.loadProvider(ServiceLoader.java:770)
	at java.base/java.util.ServiceLoader$ModuleServicesLookupIterator.hasNext(ServiceLoader.java:955)
	at java.base/java.util.ServiceLoader$1.hasNext(ServiceLoader.java:1164)
	at java.base/java.util.ServiceLoader$2.hasNext(ServiceLoader.java:1246)
	at jdk.attach/com.sun.tools.attach.spi.AttachProvider.providers(AttachProvider.java:238)
	at jdk.attach/com.sun.tools.attach.VirtualMachine.attach(VirtualMachine.java:194)
	at java.base/jdk.internal.reflect.DirectMethodHandleAccessor.invoke(DirectMethodHandleAccessor.java:104)
	at java.base/java.lang.reflect.Method.invoke(Method.java:565)
	at com.code_intelligence.jazzer.third_party.net.bytebuddy.agent.Attacher.install(Attacher.java:102)
	at com.code_intelligence.jazzer.third_party.net.bytebuddy.agent.ByteBuddyAgent.install(ByteBuddyAgent.java:601)
	at com.code_intelligence.jazzer.third_party.net.bytebuddy.agent.ByteBuddyAgent.install(ByteBuddyAgent.java:579)
	at com.code_intelligence.jazzer.third_party.net.bytebuddy.agent.ByteBuddyAgent.install(ByteBuddyAgent.java:531)
	at com.code_intelligence.jazzer.third_party.net.bytebuddy.agent.ByteBuddyAgent.install(ByteBuddyAgent.java:508)
	at com.code_intelligence.jazzer.agent.AgentInstaller.install(AgentInstaller.java:46)
	at com.code_intelligence.jazzer.driver.Driver.start(Driver.java:179)
	at com.code_intelligence.jazzer.Jazzer.start(Jazzer.java:118)
	at com.code_intelligence.jazzer.Jazzer.main(Jazzer.java:71)
Caused by: java.io.IOException: Error while instrumenting sun/tools/attach/VirtualMachineImpl.
	at org.jacoco.agent.rt.internal_3570298.core.instr.Instrumenter.instrumentError(Instrumenter.java:160)
	at org.jacoco.agent.rt.internal_3570298.core.instr.Instrumenter.instrument(Instrumenter.java:110)
	at org.jacoco.agent.rt.internal_3570298.CoverageTransformer.transform(CoverageTransformer.java:92)
	... 33 more
Caused by: java.lang.IllegalArgumentException: Unsupported class file major version 69
	at org.jacoco.agent.rt.internal_3570298.asm.ClassReader.<init>(ClassReader.java:196)
	at org.jacoco.agent.rt.internal_3570298.asm.ClassReader.<init>(ClassReader.java:177)
	at org.jacoco.agent.rt.internal_3570298.asm.ClassReader.<init>(ClassReader.java:163)
	at org.jacoco.agent.rt.internal_3570298.core.internal.instr.InstrSupport.classReaderFor(InstrSupport.java:280)
	at org.jacoco.agent.rt.internal_3570298.core.instr.Instrumenter.instrument(Instrumenter.java:76)
	at org.jacoco.agent.rt.internal_3570298.core.instr.Instrumenter.instrument(Instrumenter.java:108)
	... 34 more
java.lang.instrument.IllegalClassFormatException: Error while instrumenting sun/tools/attach/HotSpotVirtualMachine.
	at org.jacoco.agent.rt.internal_3570298.CoverageTransformer.transform(CoverageTransformer.java:94)
	at java.instrument/java.lang.instrument.ClassFileTransformer.transform(ClassFileTransformer.java:257)
	at java.instrument/sun.instrument.TransformerManager.transform(TransformerManager.java:188)
	at java.instrument/sun.instrument.InstrumentationImpl.transform(InstrumentationImpl.java:594)
	at java.base/java.lang.ClassLoader.defineClass2(Native Method)
	at java.base/java.lang.ClassLoader.defineClass(ClassLoader.java:1052)
	at java.base/java.security.SecureClassLoader.defineClass(SecureClassLoader.java:176)
	at java.base/jdk.internal.loader.BuiltinClassLoader.defineClass(BuiltinClassLoader.java:735)
	at java.base/jdk.internal.loader.BuiltinClassLoader.findClassInModuleOrNull(BuiltinClassLoader.java:678)
	at java.base/jdk.internal.loader.BuiltinClassLoader.loadClassOrNull(BuiltinClassLoader.java:604)
	at java.base/jdk.internal.loader.BuiltinClassLoader.loadClass(BuiltinClassLoader.java:578)
	at java.base/java.lang.ClassLoader.loadClass(ClassLoader.java:490)
	at java.base/java.lang.ClassLoader.defineClass2(Native Method)
	at java.base/java.lang.ClassLoader.defineClass(ClassLoader.java:1052)
	at java.base/java.security.SecureClassLoader.defineClass(SecureClassLoader.java:176)
	at java.base/jdk.internal.loader.BuiltinClassLoader.defineClass(BuiltinClassLoader.java:735)
	at java.base/jdk.internal.loader.BuiltinClassLoader.findClassInModuleOrNull(BuiltinClassLoader.java:678)
	at java.base/jdk.internal.loader.BuiltinClassLoader.loadClassOrNull(BuiltinClassLoader.java:604)
	at java.base/jdk.internal.loader.BuiltinClassLoader.loadClass(BuiltinClassLoader.java:578)
	at java.base/java.lang.ClassLoader.loadClass(ClassLoader.java:490)
	at java.base/java.lang.Class.getDeclaredMethods0(Native Method)
	at java.base/java.lang.Class.privateGetDeclaredMethods(Class.java:3010)
	at java.base/java.lang.Class.getDeclaredPublicMethods(Class.java:2438)
	at java.base/java.lang.System$1.getDeclaredPublicMethods(System.java:2000)
	at java.base/java.util.ServiceLoader.findStaticProviderMethod(ServiceLoader.java:586)
	at java.base/java.util.ServiceLoader.loadProvider(ServiceLoader.java:770)
	at java.base/java.util.ServiceLoader$ModuleServicesLookupIterator.hasNext(ServiceLoader.java:955)
	at java.base/java.util.ServiceLoader$1.hasNext(ServiceLoader.java:1164)
	at java.base/java.util.ServiceLoader$2.hasNext(ServiceLoader.java:1246)
	at jdk.attach/com.sun.tools.attach.spi.AttachProvider.providers(AttachProvider.java:238)
	at jdk.attach/com.sun.tools.attach.VirtualMachine.attach(VirtualMachine.java:194)
	at java.base/jdk.internal.reflect.DirectMethodHandleAccessor.invoke(DirectMethodHandleAccessor.java:104)
	at java.base/java.lang.reflect.Method.invoke(Method.java:565)
	at com.code_intelligence.jazzer.third_party.net.bytebuddy.agent.Attacher.install(Attacher.java:102)
	at com.code_intelligence.jazzer.third_party.net.bytebuddy.agent.ByteBuddyAgent.install(ByteBuddyAgent.java:601)
	at com.code_intelligence.jazzer.third_party.net.bytebuddy.agent.ByteBuddyAgent.install(ByteBuddyAgent.java:579)
	at com.code_intelligence.jazzer.third_party.net.bytebuddy.agent.ByteBuddyAgent.install(ByteBuddyAgent.java:531)
	at com.code_intelligence.jazzer.third_party.net.bytebuddy.agent.ByteBuddyAgent.install(ByteBuddyAgent.java:508)
	at com.code_intelligence.jazzer.agent.AgentInstaller.install(AgentInstaller.java:46)
	at com.code_intelligence.jazzer.driver.Driver.start(Driver.java:179)
	at com.code_intelligence.jazzer.Jazzer.start(Jazzer.java:118)
	at com.code_intelligence.jazzer.Jazzer.main(Jazzer.java:71)
Caused by: java.io.IOException: Error while instrumenting sun/tools/attach/HotSpotVirtualMachine.
	at org.jacoco.agent.rt.internal_3570298.core.instr.Instrumenter.instrumentError(Instrumenter.java:160)
	at org.jacoco.agent.rt.internal_3570298.core.instr.Instrumenter.instrument(Instrumenter.java:110)
	at org.jacoco.agent.rt.internal_3570298.CoverageTransformer.transform(CoverageTransformer.java:92)
	... 41 more
Caused by: java.lang.IllegalArgumentException: Unsupported class file major version 69
	at org.jacoco.agent.rt.internal_3570298.asm.ClassReader.<init>(ClassReader.java:196)
	at org.jacoco.agent.rt.internal_3570298.asm.ClassReader.<init>(ClassReader.java:177)
	at org.jacoco.agent.rt.internal_3570298.asm.ClassReader.<init>(ClassReader.java:163)
	at org.jacoco.agent.rt.internal_3570298.core.internal.instr.InstrSupport.classReaderFor(InstrSupport.java:280)
	at org.jacoco.agent.rt.internal_3570298.core.instr.Instrumenter.instrument(Instrumenter.java:76)
	at org.jacoco.agent.rt.internal_3570298.core.instr.Instrumenter.instrument(Instrumenter.java:108)
	... 42 more
java.lang.instrument.IllegalClassFormatException: Error while instrumenting sun/jvmstat/monitor/VmIdentifier.
	at org.jacoco.agent.rt.internal_3570298.CoverageTransformer.transform(CoverageTransformer.java:94)
	at java.instrument/java.lang.instrument.ClassFileTransformer.transform(ClassFileTransformer.java:257)
	at java.instrument/sun.instrument.TransformerManager.transform(TransformerManager.java:188)
	at java.instrument/sun.instrument.InstrumentationImpl.transform(InstrumentationImpl.java:594)
	at java.base/java.lang.ClassLoader.defineClass2(Native Method)
	at java.base/java.lang.ClassLoader.defineClass(ClassLoader.java:1052)
	at java.base/java.security.SecureClassLoader.defineClass(SecureClassLoader.java:176)
	at java.base/jdk.internal.loader.BuiltinClassLoader.defineClass(BuiltinClassLoader.java:735)
	at java.base/jdk.internal.loader.BuiltinClassLoader.findClassInModuleOrNull(BuiltinClassLoader.java:678)
	at java.base/jdk.internal.loader.BuiltinClassLoader.loadClassOrNull(BuiltinClassLoader.java:604)
	at java.base/jdk.internal.loader.BuiltinClassLoader.loadClass(BuiltinClassLoader.java:578)
	at java.base/java.lang.ClassLoader.loadClass(ClassLoader.java:490)
	at jdk.attach/sun.tools.attach.HotSpotAttachProvider.testAttachable(HotSpotAttachProvider.java:116)
	at jdk.attach/sun.tools.attach.AttachProviderImpl.attachVirtualMachine(AttachProviderImpl.java:54)
	at jdk.attach/com.sun.tools.attach.VirtualMachine.attach(VirtualMachine.java:201)
	at java.base/jdk.internal.reflect.DirectMethodHandleAccessor.invoke(DirectMethodHandleAccessor.java:104)
	at java.base/java.lang.reflect.Method.invoke(Method.java:565)
	at com.code_intelligence.jazzer.third_party.net.bytebuddy.agent.Attacher.install(Attacher.java:102)
	at com.code_intelligence.jazzer.third_party.net.bytebuddy.agent.ByteBuddyAgent.install(ByteBuddyAgent.java:601)
	at com.code_intelligence.jazzer.third_party.net.bytebuddy.agent.ByteBuddyAgent.install(ByteBuddyAgent.java:579)
	at com.code_intelligence.jazzer.third_party.net.bytebuddy.agent.ByteBuddyAgent.install(ByteBuddyAgent.java:531)
	at com.code_intelligence.jazzer.third_party.net.bytebuddy.agent.ByteBuddyAgent.install(ByteBuddyAgent.java:508)
	at com.code_intelligence.jazzer.agent.AgentInstaller.install(AgentInstaller.java:46)
	at com.code_intelligence.jazzer.driver.Driver.start(Driver.java:179)
	at com.code_intelligence.jazzer.Jazzer.start(Jazzer.java:118)
	at com.code_intelligence.jazzer.Jazzer.main(Jazzer.java:71)
Caused by: java.io.IOException: Error while instrumenting sun/jvmstat/monitor/VmIdentifier.
	at org.jacoco.agent.rt.internal_3570298.core.instr.Instrumenter.instrumentError(Instrumenter.java:160)
	at org.jacoco.agent.rt.internal_3570298.core.instr.Instrumenter.instrument(Instrumenter.java:110)
	at org.jacoco.agent.rt.internal_3570298.CoverageTransformer.transform(CoverageTransformer.java:92)
	... 25 more
Caused by: java.lang.IllegalArgumentException: Unsupported class file major version 69
	at org.jacoco.agent.rt.internal_3570298.asm.ClassReader.<init>(ClassReader.java:196)
	at org.jacoco.agent.rt.internal_3570298.asm.ClassReader.<init>(ClassReader.java:177)
	at org.jacoco.agent.rt.internal_3570298.asm.ClassReader.<init>(ClassReader.java:163)
	at org.jacoco.agent.rt.internal_3570298.core.internal.instr.InstrSupport.classReaderFor(InstrSupport.java:280)
	at org.jacoco.agent.rt.internal_3570298.core.instr.Instrumenter.instrument(Instrumenter.java:76)
	at org.jacoco.agent.rt.internal_3570298.core.instr.Instrumenter.instrument(Instrumenter.java:108)
	... 26 more
java.lang.instrument.IllegalClassFormatException: Error while instrumenting sun/jvmstat/monitor/MonitoredHost.
	at org.jacoco.agent.rt.internal_3570298.CoverageTransformer.transform(CoverageTransformer.java:94)
	at java.instrument/java.lang.instrument.ClassFileTransformer.transform(ClassFileTransformer.java:257)
	at java.instrument/sun.instrument.TransformerManager.transform(TransformerManager.java:188)
	at java.instrument/sun.instrument.InstrumentationImpl.transform(InstrumentationImpl.java:594)
	at java.base/java.lang.ClassLoader.defineClass2(Native Method)
	at java.base/java.lang.ClassLoader.defineClass(ClassLoader.java:1052)
	at java.base/java.security.SecureClassLoader.defineClass(SecureClassLoader.java:176)
	at java.base/jdk.internal.loader.BuiltinClassLoader.defineClass(BuiltinClassLoader.java:735)
	at java.base/jdk.internal.loader.BuiltinClassLoader.findClassInModuleOrNull(BuiltinClassLoader.java:678)
	at java.base/jdk.internal.loader.BuiltinClassLoader.loadClassOrNull(BuiltinClassLoader.java:604)
	at java.base/jdk.internal.loader.BuiltinClassLoader.loadClass(BuiltinClassLoader.java:578)
	at java.base/java.lang.ClassLoader.loadClass(ClassLoader.java:490)
	at jdk.attach/sun.tools.attach.HotSpotAttachProvider.testAttachable(HotSpotAttachProvider.java:117)
	at jdk.attach/sun.tools.attach.AttachProviderImpl.attachVirtualMachine(AttachProviderImpl.java:54)
	at jdk.attach/com.sun.tools.attach.VirtualMachine.attach(VirtualMachine.java:201)
	at java.base/jdk.internal.reflect.DirectMethodHandleAccessor.invoke(DirectMethodHandleAccessor.java:104)
	at java.base/java.lang.reflect.Method.invoke(Method.java:565)
	at com.code_intelligence.jazzer.third_party.net.bytebuddy.agent.Attacher.install(Attacher.java:102)
	at com.code_intelligence.jazzer.third_party.net.bytebuddy.agent.ByteBuddyAgent.install(ByteBuddyAgent.java:601)
	at com.code_intelligence.jazzer.third_party.net.bytebuddy.agent.ByteBuddyAgent.install(ByteBuddyAgent.java:579)
	at com.code_intelligence.jazzer.third_party.net.bytebuddy.agent.ByteBuddyAgent.install(ByteBuddyAgent.java:531)
	at com.code_intelligence.jazzer.third_party.net.bytebuddy.agent.ByteBuddyAgent.install(ByteBuddyAgent.java:508)
	at com.code_intelligence.jazzer.agent.AgentInstaller.install(AgentInstaller.java:46)
	at com.code_intelligence.jazzer.driver.Driver.start(Driver.java:179)
	at com.code_intelligence.jazzer.Jazzer.start(Jazzer.java:118)
	at com.code_intelligence.jazzer.Jazzer.main(Jazzer.java:71)
Caused by: java.io.IOException: Error while instrumenting sun/jvmstat/monitor/MonitoredHost.
	at org.jacoco.agent.rt.internal_3570298.core.instr.Instrumenter.instrumentError(Instrumenter.java:160)
	at org.jacoco.agent.rt.internal_3570298.core.instr.Instrumenter.instrument(Instrumenter.java:110)
	at org.jacoco.agent.rt.internal_3570298.CoverageTransformer.transform(CoverageTransformer.java:92)
	... 25 more
Caused by: java.lang.IllegalArgumentException: Unsupported class file major version 69
	at org.jacoco.agent.rt.internal_3570298.asm.ClassReader.<init>(ClassReader.java:196)
	at org.jacoco.agent.rt.internal_3570298.asm.ClassReader.<init>(ClassReader.java:177)
	at org.jacoco.agent.rt.internal_3570298.asm.ClassReader.<init>(ClassReader.java:163)
	at org.jacoco.agent.rt.internal_3570298.core.internal.instr.InstrSupport.classReaderFor(InstrSupport.java:280)
	at org.jacoco.agent.rt.internal_3570298.core.instr.Instrumenter.instrument(Instrumenter.java:76)
	at org.jacoco.agent.rt.internal_3570298.core.instr.Instrumenter.instrument(Instrumenter.java:108)
	... 26 more
java.lang.instrument.IllegalClassFormatException: Error while instrumenting sun/jvmstat/monitor/HostIdentifier.
	at org.jacoco.agent.rt.internal_3570298.CoverageTransformer.transform(CoverageTransformer.java:94)
	at java.instrument/java.lang.instrument.ClassFileTransformer.transform(ClassFileTransformer.java:257)
	at java.instrument/sun.instrument.TransformerManager.transform(TransformerManager.java:188)
	at java.instrument/sun.instrument.InstrumentationImpl.transform(InstrumentationImpl.java:594)
	at java.base/java.lang.ClassLoader.defineClass2(Native Method)
	at java.base/java.lang.ClassLoader.defineClass(ClassLoader.java:1052)
	at java.base/java.security.SecureClassLoader.defineClass(SecureClassLoader.java:176)
	at java.base/jdk.internal.loader.BuiltinClassLoader.defineClass(BuiltinClassLoader.java:735)
	at java.base/jdk.internal.loader.BuiltinClassLoader.findClassInModuleOrNull(BuiltinClassLoader.java:678)
	at java.base/jdk.internal.loader.BuiltinClassLoader.loadClassOrNull(BuiltinClassLoader.java:604)
	at java.base/jdk.internal.loader.BuiltinClassLoader.loadClass(BuiltinClassLoader.java:578)
	at java.base/java.lang.ClassLoader.loadClass(ClassLoader.java:490)
	at jdk.internal.jvmstat/sun.jvmstat.monitor.MonitoredHost.getMonitoredHost(MonitoredHost.java:132)
	at jdk.attach/sun.tools.attach.HotSpotAttachProvider.testAttachable(HotSpotAttachProvider.java:117)
	at jdk.attach/sun.tools.attach.AttachProviderImpl.attachVirtualMachine(AttachProviderImpl.java:54)
	at jdk.attach/com.sun.tools.attach.VirtualMachine.attach(VirtualMachine.java:201)
	at java.base/jdk.internal.reflect.DirectMethodHandleAccessor.invoke(DirectMethodHandleAccessor.java:104)
	at java.base/java.lang.reflect.Method.invoke(Method.java:565)
	at com.code_intelligence.jazzer.third_party.net.bytebuddy.agent.Attacher.install(Attacher.java:102)
	at com.code_intelligence.jazzer.third_party.net.bytebuddy.agent.ByteBuddyAgent.install(ByteBuddyAgent.java:601)
	at com.code_intelligence.jazzer.third_party.net.bytebuddy.agent.ByteBuddyAgent.install(ByteBuddyAgent.java:579)
	at com.code_intelligence.jazzer.third_party.net.bytebuddy.agent.ByteBuddyAgent.install(ByteBuddyAgent.java:531)
	at com.code_intelligence.jazzer.third_party.net.bytebuddy.agent.ByteBuddyAgent.install(ByteBuddyAgent.java:508)
	at com.code_intelligence.jazzer.agent.AgentInstaller.install(AgentInstaller.java:46)
	at com.code_intelligence.jazzer.driver.Driver.start(Driver.java:179)
	at com.code_intelligence.jazzer.Jazzer.start(Jazzer.java:118)
	at com.code_intelligence.jazzer.Jazzer.main(Jazzer.java:71)
Caused by: java.io.IOException: Error while instrumenting sun/jvmstat/monitor/HostIdentifier.
	at org.jacoco.agent.rt.internal_3570298.core.instr.Instrumenter.instrumentError(Instrumenter.java:160)
	at org.jacoco.agent.rt.internal_3570298.core.instr.Instrumenter.instrument(Instrumenter.java:110)
	at org.jacoco.agent.rt.internal_3570298.CoverageTransformer.transform(CoverageTransformer.java:92)
	... 26 more
Caused by: java.lang.IllegalArgumentException: Unsupported class file major version 69
	at org.jacoco.agent.rt.internal_3570298.asm.ClassReader.<init>(ClassReader.java:196)
	at org.jacoco.agent.rt.internal_3570298.asm.ClassReader.<init>(ClassReader.java:177)
	at org.jacoco.agent.rt.internal_3570298.asm.ClassReader.<init>(ClassReader.java:163)
	at org.jacoco.agent.rt.internal_3570298.core.internal.instr.InstrSupport.classReaderFor(InstrSupport.java:280)
	at org.jacoco.agent.rt.internal_3570298.core.instr.Instrumenter.instrument(Instrumenter.java:76)
	at org.jacoco.agent.rt.internal_3570298.core.instr.Instrumenter.instrument(Instrumenter.java:108)
	... 27 more
java.lang.instrument.IllegalClassFormatException: Error while instrumenting sun/jvmstat/monitor/MonitoredHostService.
	at org.jacoco.agent.rt.internal_3570298.CoverageTransformer.transform(CoverageTransformer.java:94)
	at java.instrument/java.lang.instrument.ClassFileTransformer.transform(ClassFileTransformer.java:257)
	at java.instrument/sun.instrument.TransformerManager.transform(TransformerManager.java:188)
	at java.instrument/sun.instrument.InstrumentationImpl.transform(InstrumentationImpl.java:594)
	at java.base/java.lang.ClassLoader.defineClass2(Native Method)
	at java.base/java.lang.ClassLoader.defineClass(ClassLoader.java:1052)
	at java.base/java.security.SecureClassLoader.defineClass(SecureClassLoader.java:176)
	at java.base/jdk.internal.loader.BuiltinClassLoader.defineClass(BuiltinClassLoader.java:735)
	at java.base/jdk.internal.loader.BuiltinClassLoader.findClassInModuleOrNull(BuiltinClassLoader.java:678)
	at java.base/jdk.internal.loader.BuiltinClassLoader.loadClassOrNull(BuiltinClassLoader.java:604)
	at java.base/jdk.internal.loader.BuiltinClassLoader.loadClass(BuiltinClassLoader.java:578)
	at java.base/java.lang.ClassLoader.loadClass(ClassLoader.java:490)
	at jdk.internal.jvmstat/sun.jvmstat.monitor.MonitoredHost.getMonitoredHost(MonitoredHost.java:163)
	at jdk.internal.jvmstat/sun.jvmstat.monitor.MonitoredHost.getMonitoredHost(MonitoredHost.java:133)
	at jdk.attach/sun.tools.attach.HotSpotAttachProvider.testAttachable(HotSpotAttachProvider.java:117)
	at jdk.attach/sun.tools.attach.AttachProviderImpl.attachVirtualMachine(AttachProviderImpl.java:54)
	at jdk.attach/com.sun.tools.attach.VirtualMachine.attach(VirtualMachine.java:201)
	at java.base/jdk.internal.reflect.DirectMethodHandleAccessor.invoke(DirectMethodHandleAccessor.java:104)
	at java.base/java.lang.reflect.Method.invoke(Method.java:565)
	at com.code_intelligence.jazzer.third_party.net.bytebuddy.agent.Attacher.install(Attacher.java:102)
	at com.code_intelligence.jazzer.third_party.net.bytebuddy.agent.ByteBuddyAgent.install(ByteBuddyAgent.java:601)
	at com.code_intelligence.jazzer.third_party.net.bytebuddy.agent.ByteBuddyAgent.install(ByteBuddyAgent.java:579)
	at com.code_intelligence.jazzer.third_party.net.bytebuddy.agent.ByteBuddyAgent.install(ByteBuddyAgent.java:531)
	at com.code_intelligence.jazzer.third_party.net.bytebuddy.agent.ByteBuddyAgent.install(ByteBuddyAgent.java:508)
	at com.code_intelligence.jazzer.agent.AgentInstaller.install(AgentInstaller.java:46)
	at com.code_intelligence.jazzer.driver.Driver.start(Driver.java:179)
	at com.code_intelligence.jazzer.Jazzer.start(Jazzer.java:118)
	at com.code_intelligence.jazzer.Jazzer.main(Jazzer.java:71)
Caused by: java.io.IOException: Error while instrumenting sun/jvmstat/monitor/MonitoredHostService.
	at org.jacoco.agent.rt.internal_3570298.core.instr.Instrumenter.instrumentError(Instrumenter.java:160)
	at org.jacoco.agent.rt.internal_3570298.core.instr.Instrumenter.instrument(Instrumenter.java:110)
	at org.jacoco.agent.rt.internal_3570298.CoverageTransformer.transform(CoverageTransformer.java:92)
	... 27 more
Caused by: java.lang.IllegalArgumentException: Unsupported class file major version 69
	at org.jacoco.agent.rt.internal_3570298.asm.ClassReader.<init>(ClassReader.java:196)
	at org.jacoco.agent.rt.internal_3570298.asm.ClassReader.<init>(ClassReader.java:177)
	at org.jacoco.agent.rt.internal_3570298.asm.ClassReader.<init>(ClassReader.java:163)
	at org.jacoco.agent.rt.internal_3570298.core.internal.instr.InstrSupport.classReaderFor(InstrSupport.java:280)
	at org.jacoco.agent.rt.internal_3570298.core.instr.Instrumenter.instrument(Instrumenter.java:76)
	at org.jacoco.agent.rt.internal_3570298.core.instr.Instrumenter.instrument(Instrumenter.java:108)
	... 28 more
java.lang.instrument.IllegalClassFormatException: Error while instrumenting sun/jvmstat/perfdata/monitor/protocol/rmi/MonitoredHostRmiService.
	at org.jacoco.agent.rt.internal_3570298.CoverageTransformer.transform(CoverageTransformer.java:94)
	at java.instrument/java.lang.instrument.ClassFileTransformer.transform(ClassFileTransformer.java:257)
	at java.instrument/sun.instrument.TransformerManager.transform(TransformerManager.java:188)
	at java.instrument/sun.instrument.InstrumentationImpl.transform(InstrumentationImpl.java:594)
	at java.base/java.lang.ClassLoader.defineClass2(Native Method)
	at java.base/java.lang.ClassLoader.defineClass(ClassLoader.java:1052)
	at java.base/java.security.SecureClassLoader.defineClass(SecureClassLoader.java:176)
	at java.base/jdk.internal.loader.BuiltinClassLoader.defineClass(BuiltinClassLoader.java:735)
	at java.base/jdk.internal.loader.BuiltinClassLoader.findClassInModuleOrNull(BuiltinClassLoader.java:678)
	at java.base/jdk.internal.loader.BuiltinClassLoader.findClass(BuiltinClassLoader.java:560)
	at java.base/java.lang.ClassLoader.loadClass(ClassLoader.java:602)
	at java.base/java.lang.Class.forName(Class.java:599)
	at java.base/java.util.ServiceLoader.loadProvider(ServiceLoader.java:755)
	at java.base/java.util.ServiceLoader$ModuleServicesLookupIterator.hasNext(ServiceLoader.java:955)
	at java.base/java.util.ServiceLoader$1.hasNext(ServiceLoader.java:1164)
	at java.base/java.util.ServiceLoader$2.hasNext(ServiceLoader.java:1246)
	at jdk.internal.jvmstat/sun.jvmstat.monitor.MonitoredHost.getMonitoredHost(MonitoredHost.java:165)
	at jdk.internal.jvmstat/sun.jvmstat.monitor.MonitoredHost.getMonitoredHost(MonitoredHost.java:133)
	at jdk.attach/sun.tools.attach.HotSpotAttachProvider.testAttachable(HotSpotAttachProvider.java:117)
	at jdk.attach/sun.tools.attach.AttachProviderImpl.attachVirtualMachine(AttachProviderImpl.java:54)
	at jdk.attach/com.sun.tools.attach.VirtualMachine.attach(VirtualMachine.java:201)
	at java.base/jdk.internal.reflect.DirectMethodHandleAccessor.invoke(DirectMethodHandleAccessor.java:104)
	at java.base/java.lang.reflect.Method.invoke(Method.java:565)
	at com.code_intelligence.jazzer.third_party.net.bytebuddy.agent.Attacher.install(Attacher.java:102)
	at com.code_intelligence.jazzer.third_party.net.bytebuddy.agent.ByteBuddyAgent.install(ByteBuddyAgent.java:601)
	at com.code_intelligence.jazzer.third_party.net.bytebuddy.agent.ByteBuddyAgent.install(ByteBuddyAgent.java:579)
	at com.code_intelligence.jazzer.third_party.net.bytebuddy.agent.ByteBuddyAgent.install(ByteBuddyAgent.java:531)
	at com.code_intelligence.jazzer.third_party.net.bytebuddy.agent.ByteBuddyAgent.install(ByteBuddyAgent.java:508)
	at com.code_intelligence.jazzer.agent.AgentInstaller.install(AgentInstaller.java:46)
	at com.code_intelligence.jazzer.driver.Driver.start(Driver.java:179)
	at com.code_intelligence.jazzer.Jazzer.start(Jazzer.java:118)
	at com.code_intelligence.jazzer.Jazzer.main(Jazzer.java:71)
Caused by: java.io.IOException: Error while instrumenting sun/jvmstat/perfdata/monitor/protocol/rmi/MonitoredHostRmiService.
	at org.jacoco.agent.rt.internal_3570298.core.instr.Instrumenter.instrumentError(Instrumenter.java:160)
	at org.jacoco.agent.rt.internal_3570298.core.instr.Instrumenter.instrument(Instrumenter.java:110)
	at org.jacoco.agent.rt.internal_3570298.CoverageTransformer.transform(CoverageTransformer.java:92)
	... 31 more
Caused by: java.lang.IllegalArgumentException: Unsupported class file major version 69
	at org.jacoco.agent.rt.internal_3570298.asm.ClassReader.<init>(ClassReader.java:196)
	at org.jacoco.agent.rt.internal_3570298.asm.ClassReader.<init>(ClassReader.java:177)
	at org.jacoco.agent.rt.internal_3570298.asm.ClassReader.<init>(ClassReader.java:163)
	at org.jacoco.agent.rt.internal_3570298.core.internal.instr.InstrSupport.classReaderFor(InstrSupport.java:280)
	at org.jacoco.agent.rt.internal_3570298.core.instr.Instrumenter.instrument(Instrumenter.java:76)
	at org.jacoco.agent.rt.internal_3570298.core.instr.Instrumenter.instrument(Instrumenter.java:108)
	... 32 more
java.lang.instrument.IllegalClassFormatException: Error while instrumenting sun/jvmstat/perfdata/monitor/protocol/rmi/MonitoredHostProvider.
	at org.jacoco.agent.rt.internal_3570298.CoverageTransformer.transform(CoverageTransformer.java:94)
	at java.instrument/java.lang.instrument.ClassFileTransformer.transform(ClassFileTransformer.java:257)
	at java.instrument/sun.instrument.TransformerManager.transform(TransformerManager.java:188)
	at java.instrument/sun.instrument.InstrumentationImpl.transform(InstrumentationImpl.java:594)
	at java.base/java.lang.ClassLoader.defineClass2(Native Method)
	at java.base/java.lang.ClassLoader.defineClass(ClassLoader.java:1052)
	at java.base/java.security.SecureClassLoader.defineClass(SecureClassLoader.java:176)
	at java.base/jdk.internal.loader.BuiltinClassLoader.defineClass(BuiltinClassLoader.java:735)
	at java.base/jdk.internal.loader.BuiltinClassLoader.findClassInModuleOrNull(BuiltinClassLoader.java:678)
	at java.base/jdk.internal.loader.BuiltinClassLoader.loadClassOrNull(BuiltinClassLoader.java:604)
	at java.base/jdk.internal.loader.BuiltinClassLoader.loadClass(BuiltinClassLoader.java:578)
	at java.base/java.lang.ClassLoader.loadClass(ClassLoader.java:490)
	at java.base/java.lang.Class.getDeclaredMethods0(Native Method)
	at java.base/java.lang.Class.privateGetDeclaredMethods(Class.java:3010)
	at java.base/java.lang.Class.getDeclaredPublicMethods(Class.java:2438)
	at java.base/java.lang.System$1.getDeclaredPublicMethods(System.java:2000)
	at java.base/java.util.ServiceLoader.findStaticProviderMethod(ServiceLoader.java:586)
	at java.base/java.util.ServiceLoader.loadProvider(ServiceLoader.java:770)
	at java.base/java.util.ServiceLoader$ModuleServicesLookupIterator.hasNext(ServiceLoader.java:955)
	at java.base/java.util.ServiceLoader$1.hasNext(ServiceLoader.java:1164)
	at java.base/java.util.ServiceLoader$2.hasNext(ServiceLoader.java:1246)
	at jdk.internal.jvmstat/sun.jvmstat.monitor.MonitoredHost.getMonitoredHost(MonitoredHost.java:165)
	at jdk.internal.jvmstat/sun.jvmstat.monitor.MonitoredHost.getMonitoredHost(MonitoredHost.java:133)
	at jdk.attach/sun.tools.attach.HotSpotAttachProvider.testAttachable(HotSpotAttachProvider.java:117)
	at jdk.attach/sun.tools.attach.AttachProviderImpl.attachVirtualMachine(AttachProviderImpl.java:54)
	at jdk.attach/com.sun.tools.attach.VirtualMachine.attach(VirtualMachine.java:201)
	at java.base/jdk.internal.reflect.DirectMethodHandleAccessor.invoke(DirectMethodHandleAccessor.java:104)
	at java.base/java.lang.reflect.Method.invoke(Method.java:565)
	at com.code_intelligence.jazzer.third_party.net.bytebuddy.agent.Attacher.install(Attacher.java:102)
	at com.code_intelligence.jazzer.third_party.net.bytebuddy.agent.ByteBuddyAgent.install(ByteBuddyAgent.java:601)
	at com.code_intelligence.jazzer.third_party.net.bytebuddy.agent.ByteBuddyAgent.install(ByteBuddyAgent.java:579)
	at com.code_intelligence.jazzer.third_party.net.bytebuddy.agent.ByteBuddyAgent.install(ByteBuddyAgent.java:531)
	at com.code_intelligence.jazzer.third_party.net.bytebuddy.agent.ByteBuddyAgent.install(ByteBuddyAgent.java:508)
	at com.code_intelligence.jazzer.agent.AgentInstaller.install(AgentInstaller.java:46)
	at com.code_intelligence.jazzer.driver.Driver.start(Driver.java:179)
	at com.code_intelligence.jazzer.Jazzer.start(Jazzer.java:118)
	at com.code_intelligence.jazzer.Jazzer.main(Jazzer.java:71)
Caused by: java.io.IOException: Error while instrumenting sun/jvmstat/perfdata/monitor/protocol/rmi/MonitoredHostProvider.
	at org.jacoco.agent.rt.internal_3570298.core.instr.Instrumenter.instrumentError(Instrumenter.java:160)
	at org.jacoco.agent.rt.internal_3570298.core.instr.Instrumenter.instrument(Instrumenter.java:110)
	at org.jacoco.agent.rt.internal_3570298.CoverageTransformer.transform(CoverageTransformer.java:92)
	... 36 more
Caused by: java.lang.IllegalArgumentException: Unsupported class file major version 69
	at org.jacoco.agent.rt.internal_3570298.asm.ClassReader.<init>(ClassReader.java:196)
	at org.jacoco.agent.rt.internal_3570298.asm.ClassReader.<init>(ClassReader.java:177)
	at org.jacoco.agent.rt.internal_3570298.asm.ClassReader.<init>(ClassReader.java:163)
	at org.jacoco.agent.rt.internal_3570298.core.internal.instr.InstrSupport.classReaderFor(InstrSupport.java:280)
	at org.jacoco.agent.rt.internal_3570298.core.instr.Instrumenter.instrument(Instrumenter.java:76)
	at org.jacoco.agent.rt.internal_3570298.core.instr.Instrumenter.instrument(Instrumenter.java:108)
	... 37 more
java.lang.instrument.IllegalClassFormatException: Error while instrumenting sun/jvmstat/monitor/MonitorException.
	at org.jacoco.agent.rt.internal_3570298.CoverageTransformer.transform(CoverageTransformer.java:94)
	at java.instrument/java.lang.instrument.ClassFileTransformer.transform(ClassFileTransformer.java:257)
	at java.instrument/sun.instrument.TransformerManager.transform(TransformerManager.java:188)
	at java.instrument/sun.instrument.InstrumentationImpl.transform(InstrumentationImpl.java:594)
	at java.base/java.lang.ClassLoader.defineClass2(Native Method)
	at java.base/java.lang.ClassLoader.defineClass(ClassLoader.java:1052)
	at java.base/java.security.SecureClassLoader.defineClass(SecureClassLoader.java:176)
	at java.base/jdk.internal.loader.BuiltinClassLoader.defineClass(BuiltinClassLoader.java:735)
	at java.base/jdk.internal.loader.BuiltinClassLoader.findClassInModuleOrNull(BuiltinClassLoader.java:678)
	at java.base/jdk.internal.loader.BuiltinClassLoader.loadClassOrNull(BuiltinClassLoader.java:604)
	at java.base/jdk.internal.loader.BuiltinClassLoader.loadClass(BuiltinClassLoader.java:578)
	at java.base/java.lang.ClassLoader.loadClass(ClassLoader.java:490)
	at java.base/java.lang.Class.getDeclaredMethods0(Native Method)
	at java.base/java.lang.Class.privateGetDeclaredMethods(Class.java:3010)
	at java.base/java.lang.Class.getDeclaredPublicMethods(Class.java:2438)
	at java.base/java.lang.System$1.getDeclaredPublicMethods(System.java:2000)
	at java.base/java.util.ServiceLoader.findStaticProviderMethod(ServiceLoader.java:586)
	at java.base/java.util.ServiceLoader.loadProvider(ServiceLoader.java:770)
	at java.base/java.util.ServiceLoader$ModuleServicesLookupIterator.hasNext(ServiceLoader.java:955)
	at java.base/java.util.ServiceLoader$1.hasNext(ServiceLoader.java:1164)
	at java.base/java.util.ServiceLoader$2.hasNext(ServiceLoader.java:1246)
	at jdk.internal.jvmstat/sun.jvmstat.monitor.MonitoredHost.getMonitoredHost(MonitoredHost.java:165)
	at jdk.internal.jvmstat/sun.jvmstat.monitor.MonitoredHost.getMonitoredHost(MonitoredHost.java:133)
	at jdk.attach/sun.tools.attach.HotSpotAttachProvider.testAttachable(HotSpotAttachProvider.java:117)
	at jdk.attach/sun.tools.attach.AttachProviderImpl.attachVirtualMachine(AttachProviderImpl.java:54)
	at jdk.attach/com.sun.tools.attach.VirtualMachine.attach(VirtualMachine.java:201)
	at java.base/jdk.internal.reflect.DirectMethodHandleAccessor.invoke(DirectMethodHandleAccessor.java:104)
	at java.base/java.lang.reflect.Method.invoke(Method.java:565)
	at com.code_intelligence.jazzer.third_party.net.bytebuddy.agent.Attacher.install(Attacher.java:102)
	at com.code_intelligence.jazzer.third_party.net.bytebuddy.agent.ByteBuddyAgent.install(ByteBuddyAgent.java:601)
	at com.code_intelligence.jazzer.third_party.net.bytebuddy.agent.ByteBuddyAgent.install(ByteBuddyAgent.java:579)
	at com.code_intelligence.jazzer.third_party.net.bytebuddy.agent.ByteBuddyAgent.install(ByteBuddyAgent.java:531)
	at com.code_intelligence.jazzer.third_party.net.bytebuddy.agent.ByteBuddyAgent.install(ByteBuddyAgent.java:508)
	at com.code_intelligence.jazzer.agent.AgentInstaller.install(AgentInstaller.java:46)
	at com.code_intelligence.jazzer.driver.Driver.start(Driver.java:179)
	at com.code_intelligence.jazzer.Jazzer.start(Jazzer.java:118)
	at com.code_intelligence.jazzer.Jazzer.main(Jazzer.java:71)
Caused by: java.io.IOException: Error while instrumenting sun/jvmstat/monitor/MonitorException.
	at org.jacoco.agent.rt.internal_3570298.core.instr.Instrumenter.instrumentError(Instrumenter.java:160)
	at org.jacoco.agent.rt.internal_3570298.core.instr.Instrumenter.instrument(Instrumenter.java:110)
	at org.jacoco.agent.rt.internal_3570298.CoverageTransformer.transform(CoverageTransformer.java:92)
	... 36 more
Caused by: java.lang.IllegalArgumentException: Unsupported class file major version 69
	at org.jacoco.agent.rt.internal_3570298.asm.ClassReader.<init>(ClassReader.java:196)
	at org.jacoco.agent.rt.internal_3570298.asm.ClassReader.<init>(ClassReader.java:177)
	at org.jacoco.agent.rt.internal_3570298.asm.ClassReader.<init>(ClassReader.java:163)
	at org.jacoco.agent.rt.internal_3570298.core.internal.instr.InstrSupport.classReaderFor(InstrSupport.java:280)
	at org.jacoco.agent.rt.internal_3570298.core.instr.Instrumenter.instrument(Instrumenter.java:76)
	at org.jacoco.agent.rt.internal_3570298.core.instr.Instrumenter.instrument(Instrumenter.java:108)
	... 37 more
java.lang.instrument.IllegalClassFormatException: Error while instrumenting sun/jvmstat/perfdata/monitor/protocol/file/MonitoredHostFileService.
	at org.jacoco.agent.rt.internal_3570298.CoverageTransformer.transform(CoverageTransformer.java:94)
	at java.instrument/java.lang.instrument.ClassFileTransformer.transform(ClassFileTransformer.java:257)
	at java.instrument/sun.instrument.TransformerManager.transform(TransformerManager.java:188)
	at java.instrument/sun.instrument.InstrumentationImpl.transform(InstrumentationImpl.java:594)
	at java.base/java.lang.ClassLoader.defineClass2(Native Method)
	at java.base/java.lang.ClassLoader.defineClass(ClassLoader.java:1052)
	at java.base/java.security.SecureClassLoader.defineClass(SecureClassLoader.java:176)
	at java.base/jdk.internal.loader.BuiltinClassLoader.defineClass(BuiltinClassLoader.java:735)
	at java.base/jdk.internal.loader.BuiltinClassLoader.findClassInModuleOrNull(BuiltinClassLoader.java:678)
	at java.base/jdk.internal.loader.BuiltinClassLoader.findClass(BuiltinClassLoader.java:560)
	at java.base/java.lang.ClassLoader.loadClass(ClassLoader.java:602)
	at java.base/java.lang.Class.forName(Class.java:599)
	at java.base/java.util.ServiceLoader.loadProvider(ServiceLoader.java:755)
	at java.base/java.util.ServiceLoader$ModuleServicesLookupIterator.hasNext(ServiceLoader.java:955)
	at java.base/java.util.ServiceLoader$1.hasNext(ServiceLoader.java:1164)
	at java.base/java.util.ServiceLoader$2.hasNext(ServiceLoader.java:1246)
	at jdk.internal.jvmstat/sun.jvmstat.monitor.MonitoredHost.getMonitoredHost(MonitoredHost.java:165)
	at jdk.internal.jvmstat/sun.jvmstat.monitor.MonitoredHost.getMonitoredHost(MonitoredHost.java:133)
	at jdk.attach/sun.tools.attach.HotSpotAttachProvider.testAttachable(HotSpotAttachProvider.java:117)
	at jdk.attach/sun.tools.attach.AttachProviderImpl.attachVirtualMachine(AttachProviderImpl.java:54)
	at jdk.attach/com.sun.tools.attach.VirtualMachine.attach(VirtualMachine.java:201)
	at java.base/jdk.internal.reflect.DirectMethodHandleAccessor.invoke(DirectMethodHandleAccessor.java:104)
	at java.base/java.lang.reflect.Method.invoke(Method.java:565)
	at com.code_intelligence.jazzer.third_party.net.bytebuddy.agent.Attacher.install(Attacher.java:102)
	at com.code_intelligence.jazzer.third_party.net.bytebuddy.agent.ByteBuddyAgent.install(ByteBuddyAgent.java:601)
	at com.code_intelligence.jazzer.third_party.net.bytebuddy.agent.ByteBuddyAgent.install(ByteBuddyAgent.java:579)
	at com.code_intelligence.jazzer.third_party.net.bytebuddy.agent.ByteBuddyAgent.install(ByteBuddyAgent.java:531)
	at com.code_intelligence.jazzer.third_party.net.bytebuddy.agent.ByteBuddyAgent.install(ByteBuddyAgent.java:508)
	at com.code_intelligence.jazzer.agent.AgentInstaller.install(AgentInstaller.java:46)
	at com.code_intelligence.jazzer.driver.Driver.start(Driver.java:179)
	at com.code_intelligence.jazzer.Jazzer.start(Jazzer.java:118)
	at com.code_intelligence.jazzer.Jazzer.main(Jazzer.java:71)
Caused by: java.io.IOException: Error while instrumenting sun/jvmstat/perfdata/monitor/protocol/file/MonitoredHostFileService.
	at org.jacoco.agent.rt.internal_3570298.core.instr.Instrumenter.instrumentError(Instrumenter.java:160)
	at org.jacoco.agent.rt.internal_3570298.core.instr.Instrumenter.instrument(Instrumenter.java:110)
	at org.jacoco.agent.rt.internal_3570298.CoverageTransformer.transform(CoverageTransformer.java:92)
	... 31 more
Caused by: java.lang.IllegalArgumentException: Unsupported class file major version 69
	at org.jacoco.agent.rt.internal_3570298.asm.ClassReader.<init>(ClassReader.java:196)
	at org.jacoco.agent.rt.internal_3570298.asm.ClassReader.<init>(ClassReader.java:177)
	at org.jacoco.agent.rt.internal_3570298.asm.ClassReader.<init>(ClassReader.java:163)
	at org.jacoco.agent.rt.internal_3570298.core.internal.instr.InstrSupport.classReaderFor(InstrSupport.java:280)
	at org.jacoco.agent.rt.internal_3570298.core.instr.Instrumenter.instrument(Instrumenter.java:76)
	at org.jacoco.agent.rt.internal_3570298.core.instr.Instrumenter.instrument(Instrumenter.java:108)
	... 32 more
java.lang.instrument.IllegalClassFormatException: Error while instrumenting sun/jvmstat/perfdata/monitor/protocol/file/MonitoredHostProvider.
	at org.jacoco.agent.rt.internal_3570298.CoverageTransformer.transform(CoverageTransformer.java:94)
	at java.instrument/java.lang.instrument.ClassFileTransformer.transform(ClassFileTransformer.java:257)
	at java.instrument/sun.instrument.TransformerManager.transform(TransformerManager.java:188)
	at java.instrument/sun.instrument.InstrumentationImpl.transform(InstrumentationImpl.java:594)
	at java.base/java.lang.ClassLoader.defineClass2(Native Method)
	at java.base/java.lang.ClassLoader.defineClass(ClassLoader.java:1052)
	at java.base/java.security.SecureClassLoader.defineClass(SecureClassLoader.java:176)
	at java.base/jdk.internal.loader.BuiltinClassLoader.defineClass(BuiltinClassLoader.java:735)
	at java.base/jdk.internal.loader.BuiltinClassLoader.findClassInModuleOrNull(BuiltinClassLoader.java:678)
	at java.base/jdk.internal.loader.BuiltinClassLoader.loadClassOrNull(BuiltinClassLoader.java:604)
	at java.base/jdk.internal.loader.BuiltinClassLoader.loadClass(BuiltinClassLoader.java:578)
	at java.base/java.lang.ClassLoader.loadClass(ClassLoader.java:490)
	at java.base/java.lang.Class.getDeclaredMethods0(Native Method)
	at java.base/java.lang.Class.privateGetDeclaredMethods(Class.java:3010)
	at java.base/java.lang.Class.getDeclaredPublicMethods(Class.java:2438)
	at java.base/java.lang.System$1.getDeclaredPublicMethods(System.java:2000)
	at java.base/java.util.ServiceLoader.findStaticProviderMethod(ServiceLoader.java:586)
	at java.base/java.util.ServiceLoader.loadProvider(ServiceLoader.java:770)
	at java.base/java.util.ServiceLoader$ModuleServicesLookupIterator.hasNext(ServiceLoader.java:955)
	at java.base/java.util.ServiceLoader$1.hasNext(ServiceLoader.java:1164)
	at java.base/java.util.ServiceLoader$2.hasNext(ServiceLoader.java:1246)
	at jdk.internal.jvmstat/sun.jvmstat.monitor.MonitoredHost.getMonitoredHost(MonitoredHost.java:165)
	at jdk.internal.jvmstat/sun.jvmstat.monitor.MonitoredHost.getMonitoredHost(MonitoredHost.java:133)
	at jdk.attach/sun.tools.attach.HotSpotAttachProvider.testAttachable(HotSpotAttachProvider.java:117)
	at jdk.attach/sun.tools.attach.AttachProviderImpl.attachVirtualMachine(AttachProviderImpl.java:54)
	at jdk.attach/com.sun.tools.attach.VirtualMachine.attach(VirtualMachine.java:201)
	at java.base/jdk.internal.reflect.DirectMethodHandleAccessor.invoke(DirectMethodHandleAccessor.java:104)
	at java.base/java.lang.reflect.Method.invoke(Method.java:565)
	at com.code_intelligence.jazzer.third_party.net.bytebuddy.agent.Attacher.install(Attacher.java:102)
	at com.code_intelligence.jazzer.third_party.net.bytebuddy.agent.ByteBuddyAgent.install(ByteBuddyAgent.java:601)
	at com.code_intelligence.jazzer.third_party.net.bytebuddy.agent.ByteBuddyAgent.install(ByteBuddyAgent.java:579)
	at com.code_intelligence.jazzer.third_party.net.bytebuddy.agent.ByteBuddyAgent.install(ByteBuddyAgent.java:531)
	at com.code_intelligence.jazzer.third_party.net.bytebuddy.agent.ByteBuddyAgent.install(ByteBuddyAgent.java:508)
	at com.code_intelligence.jazzer.agent.AgentInstaller.install(AgentInstaller.java:46)
	at com.code_intelligence.jazzer.driver.Driver.start(Driver.java:179)
	at com.code_intelligence.jazzer.Jazzer.start(Jazzer.java:118)
	at com.code_intelligence.jazzer.Jazzer.main(Jazzer.java:71)
Caused by: java.io.IOException: Error while instrumenting sun/jvmstat/perfdata/monitor/protocol/file/MonitoredHostProvider.
	at org.jacoco.agent.rt.internal_3570298.core.instr.Instrumenter.instrumentError(Instrumenter.java:160)
	at org.jacoco.agent.rt.internal_3570298.core.instr.Instrumenter.instrument(Instrumenter.java:110)
	at org.jacoco.agent.rt.internal_3570298.CoverageTransformer.transform(CoverageTransformer.java:92)
	... 36 more
Caused by: java.lang.IllegalArgumentException: Unsupported class file major version 69
	at org.jacoco.agent.rt.internal_3570298.asm.ClassReader.<init>(ClassReader.java:196)
	at org.jacoco.agent.rt.internal_3570298.asm.ClassReader.<init>(ClassReader.java:177)
	at org.jacoco.agent.rt.internal_3570298.asm.ClassReader.<init>(ClassReader.java:163)
	at org.jacoco.agent.rt.internal_3570298.core.internal.instr.InstrSupport.classReaderFor(InstrSupport.java:280)
	at org.jacoco.agent.rt.internal_3570298.core.instr.Instrumenter.instrument(Instrumenter.java:76)
	at org.jacoco.agent.rt.internal_3570298.core.instr.Instrumenter.instrument(Instrumenter.java:108)
	... 37 more
java.lang.instrument.IllegalClassFormatException: Error while instrumenting sun/jvmstat/perfdata/monitor/protocol/local/MonitoredHostLocalService.
	at org.jacoco.agent.rt.internal_3570298.CoverageTransformer.transform(CoverageTransformer.java:94)
	at java.instrument/java.lang.instrument.ClassFileTransformer.transform(ClassFileTransformer.java:257)
	at java.instrument/sun.instrument.TransformerManager.transform(TransformerManager.java:188)
	at java.instrument/sun.instrument.InstrumentationImpl.transform(InstrumentationImpl.java:594)
	at java.base/java.lang.ClassLoader.defineClass2(Native Method)
	at java.base/java.lang.ClassLoader.defineClass(ClassLoader.java:1052)
	at java.base/java.security.SecureClassLoader.defineClass(SecureClassLoader.java:176)
	at java.base/jdk.internal.loader.BuiltinClassLoader.defineClass(BuiltinClassLoader.java:735)
	at java.base/jdk.internal.loader.BuiltinClassLoader.findClassInModuleOrNull(BuiltinClassLoader.java:678)
	at java.base/jdk.internal.loader.BuiltinClassLoader.findClass(BuiltinClassLoader.java:560)
	at java.base/java.lang.ClassLoader.loadClass(ClassLoader.java:602)
	at java.base/java.lang.Class.forName(Class.java:599)
	at java.base/java.util.ServiceLoader.loadProvider(ServiceLoader.java:755)
	at java.base/java.util.ServiceLoader$ModuleServicesLookupIterator.hasNext(ServiceLoader.java:955)
	at java.base/java.util.ServiceLoader$1.hasNext(ServiceLoader.java:1164)
	at java.base/java.util.ServiceLoader$2.hasNext(ServiceLoader.java:1246)
	at jdk.internal.jvmstat/sun.jvmstat.monitor.MonitoredHost.getMonitoredHost(MonitoredHost.java:165)
	at jdk.internal.jvmstat/sun.jvmstat.monitor.MonitoredHost.getMonitoredHost(MonitoredHost.java:133)
	at jdk.attach/sun.tools.attach.HotSpotAttachProvider.testAttachable(HotSpotAttachProvider.java:117)
	at jdk.attach/sun.tools.attach.AttachProviderImpl.attachVirtualMachine(AttachProviderImpl.java:54)
	at jdk.attach/com.sun.tools.attach.VirtualMachine.attach(VirtualMachine.java:201)
	at java.base/jdk.internal.reflect.DirectMethodHandleAccessor.invoke(DirectMethodHandleAccessor.java:104)
	at java.base/java.lang.reflect.Method.invoke(Method.java:565)
	at com.code_intelligence.jazzer.third_party.net.bytebuddy.agent.Attacher.install(Attacher.java:102)
	at com.code_intelligence.jazzer.third_party.net.bytebuddy.agent.ByteBuddyAgent.install(ByteBuddyAgent.java:601)
	at com.code_intelligence.jazzer.third_party.net.bytebuddy.agent.ByteBuddyAgent.install(ByteBuddyAgent.java:579)
	at com.code_intelligence.jazzer.third_party.net.bytebuddy.agent.ByteBuddyAgent.install(ByteBuddyAgent.java:531)
	at com.code_intelligence.jazzer.third_party.net.bytebuddy.agent.ByteBuddyAgent.install(ByteBuddyAgent.java:508)
	at com.code_intelligence.jazzer.agent.AgentInstaller.install(AgentInstaller.java:46)
	at com.code_intelligence.jazzer.driver.Driver.start(Driver.java:179)
	at com.code_intelligence.jazzer.Jazzer.start(Jazzer.java:118)
	at com.code_intelligence.jazzer.Jazzer.main(Jazzer.java:71)
Caused by: java.io.IOException: Error while instrumenting sun/jvmstat/perfdata/monitor/protocol/local/MonitoredHostLocalService.
	at org.jacoco.agent.rt.internal_3570298.core.instr.Instrumenter.instrumentError(Instrumenter.java:160)
	at org.jacoco.agent.rt.internal_3570298.core.instr.Instrumenter.instrument(Instrumenter.java:110)
	at org.jacoco.agent.rt.internal_3570298.CoverageTransformer.transform(CoverageTransformer.java:92)
	... 31 more
Caused by: java.lang.IllegalArgumentException: Unsupported class file major version 69
	at org.jacoco.agent.rt.internal_3570298.asm.ClassReader.<init>(ClassReader.java:196)
	at org.jacoco.agent.rt.internal_3570298.asm.ClassReader.<init>(ClassReader.java:177)
	at org.jacoco.agent.rt.internal_3570298.asm.ClassReader.<init>(ClassReader.java:163)
	at org.jacoco.agent.rt.internal_3570298.core.internal.instr.InstrSupport.classReaderFor(InstrSupport.java:280)
	at org.jacoco.agent.rt.internal_3570298.core.instr.Instrumenter.instrument(Instrumenter.java:76)
	at org.jacoco.agent.rt.internal_3570298.core.instr.Instrumenter.instrument(Instrumenter.java:108)
	... 32 more
java.lang.instrument.IllegalClassFormatException: Error while instrumenting sun/jvmstat/perfdata/monitor/protocol/local/MonitoredHostProvider.
	at org.jacoco.agent.rt.internal_3570298.CoverageTransformer.transform(CoverageTransformer.java:94)
	at java.instrument/java.lang.instrument.ClassFileTransformer.transform(ClassFileTransformer.java:257)
	at java.instrument/sun.instrument.TransformerManager.transform(TransformerManager.java:188)
	at java.instrument/sun.instrument.InstrumentationImpl.transform(InstrumentationImpl.java:594)
	at java.base/java.lang.ClassLoader.defineClass2(Native Method)
	at java.base/java.lang.ClassLoader.defineClass(ClassLoader.java:1052)
	at java.base/java.security.SecureClassLoader.defineClass(SecureClassLoader.java:176)
	at java.base/jdk.internal.loader.BuiltinClassLoader.defineClass(BuiltinClassLoader.java:735)
	at java.base/jdk.internal.loader.BuiltinClassLoader.findClassInModuleOrNull(BuiltinClassLoader.java:678)
	at java.base/jdk.internal.loader.BuiltinClassLoader.loadClassOrNull(BuiltinClassLoader.java:604)
	at java.base/jdk.internal.loader.BuiltinClassLoader.loadClass(BuiltinClassLoader.java:578)
	at java.base/java.lang.ClassLoader.loadClass(ClassLoader.java:490)
	at java.base/java.lang.Class.getDeclaredMethods0(Native Method)
	at java.base/java.lang.Class.privateGetDeclaredMethods(Class.java:3010)
	at java.base/java.lang.Class.getDeclaredPublicMethods(Class.java:2438)
	at java.base/java.lang.System$1.getDeclaredPublicMethods(System.java:2000)
	at java.base/java.util.ServiceLoader.findStaticProviderMethod(ServiceLoader.java:586)
	at java.base/java.util.ServiceLoader.loadProvider(ServiceLoader.java:770)
	at java.base/java.util.ServiceLoader$ModuleServicesLookupIterator.hasNext(ServiceLoader.java:955)
	at java.base/java.util.ServiceLoader$1.hasNext(ServiceLoader.java:1164)
	at java.base/java.util.ServiceLoader$2.hasNext(ServiceLoader.java:1246)
	at jdk.internal.jvmstat/sun.jvmstat.monitor.MonitoredHost.getMonitoredHost(MonitoredHost.java:165)
	at jdk.internal.jvmstat/sun.jvmstat.monitor.MonitoredHost.getMonitoredHost(MonitoredHost.java:133)
	at jdk.attach/sun.tools.attach.HotSpotAttachProvider.testAttachable(HotSpotAttachProvider.java:117)
	at jdk.attach/sun.tools.attach.AttachProviderImpl.attachVirtualMachine(AttachProviderImpl.java:54)
	at jdk.attach/com.sun.tools.attach.VirtualMachine.attach(VirtualMachine.java:201)
	at java.base/jdk.internal.reflect.DirectMethodHandleAccessor.invoke(DirectMethodHandleAccessor.java:104)
	at java.base/java.lang.reflect.Method.invoke(Method.java:565)
	at com.code_intelligence.jazzer.third_party.net.bytebuddy.agent.Attacher.install(Attacher.java:102)
	at com.code_intelligence.jazzer.third_party.net.bytebuddy.agent.ByteBuddyAgent.install(ByteBuddyAgent.java:601)
	at com.code_intelligence.jazzer.third_party.net.bytebuddy.agent.ByteBuddyAgent.install(ByteBuddyAgent.java:579)
	at com.code_intelligence.jazzer.third_party.net.bytebuddy.agent.ByteBuddyAgent.install(ByteBuddyAgent.java:531)
	at com.code_intelligence.jazzer.third_party.net.bytebuddy.agent.ByteBuddyAgent.install(ByteBuddyAgent.java:508)
	at com.code_intelligence.jazzer.agent.AgentInstaller.install(AgentInstaller.java:46)
	at com.code_intelligence.jazzer.driver.Driver.start(Driver.java:179)
	at com.code_intelligence.jazzer.Jazzer.start(Jazzer.java:118)
	at com.code_intelligence.jazzer.Jazzer.main(Jazzer.java:71)
Caused by: java.io.IOException: Error while instrumenting sun/jvmstat/perfdata/monitor/protocol/local/MonitoredHostProvider.
	at org.jacoco.agent.rt.internal_3570298.core.instr.Instrumenter.instrumentError(Instrumenter.java:160)
	at org.jacoco.agent.rt.internal_3570298.core.instr.Instrumenter.instrument(Instrumenter.java:110)
	at org.jacoco.agent.rt.internal_3570298.CoverageTransformer.transform(CoverageTransformer.java:92)
	... 36 more
Caused by: java.lang.IllegalArgumentException: Unsupported class file major version 69
	at org.jacoco.agent.rt.internal_3570298.asm.ClassReader.<init>(ClassReader.java:196)
	at org.jacoco.agent.rt.internal_3570298.asm.ClassReader.<init>(ClassReader.java:177)
	at org.jacoco.agent.rt.internal_3570298.asm.ClassReader.<init>(ClassReader.java:163)
	at org.jacoco.agent.rt.internal_3570298.core.internal.instr.InstrSupport.classReaderFor(InstrSupport.java:280)
	at org.jacoco.agent.rt.internal_3570298.core.instr.Instrumenter.instrument(Instrumenter.java:76)
	at org.jacoco.agent.rt.internal_3570298.core.instr.Instrumenter.instrument(Instrumenter.java:108)
	... 37 more
java.lang.instrument.IllegalClassFormatException: Error while instrumenting sun/jvmstat/perfdata/monitor/CountedTimerTask.
	at org.jacoco.agent.rt.internal_3570298.CoverageTransformer.transform(CoverageTransformer.java:94)
	at java.instrument/java.lang.instrument.ClassFileTransformer.transform(ClassFileTransformer.java:257)
	at java.instrument/sun.instrument.TransformerManager.transform(TransformerManager.java:188)
	at java.instrument/sun.instrument.InstrumentationImpl.transform(InstrumentationImpl.java:594)
	at java.base/java.lang.ClassLoader.defineClass2(Native Method)
	at java.base/java.lang.ClassLoader.defineClass(ClassLoader.java:1052)
	at java.base/java.security.SecureClassLoader.defineClass(SecureClassLoader.java:176)
	at java.base/jdk.internal.loader.BuiltinClassLoader.defineClass(BuiltinClassLoader.java:735)
	at java.base/jdk.internal.loader.BuiltinClassLoader.findClassInModuleOrNull(BuiltinClassLoader.java:678)
	at java.base/jdk.internal.loader.BuiltinClassLoader.loadClassOrNull(BuiltinClassLoader.java:604)
	at java.base/jdk.internal.loader.BuiltinClassLoader.loadClass(BuiltinClassLoader.java:578)
	at java.base/java.lang.ClassLoader.loadClass(ClassLoader.java:490)
	at jdk.internal.jvmstat/sun.jvmstat.perfdata.monitor.protocol.local.MonitoredHostLocalService.getMonitoredHost(MonitoredHostLocalService.java:38)
	at jdk.internal.jvmstat/sun.jvmstat.monitor.MonitoredHost.getMonitoredHost(MonitoredHost.java:167)
	at jdk.internal.jvmstat/sun.jvmstat.monitor.MonitoredHost.getMonitoredHost(MonitoredHost.java:133)
	at jdk.attach/sun.tools.attach.HotSpotAttachProvider.testAttachable(HotSpotAttachProvider.java:117)
	at jdk.attach/sun.tools.attach.AttachProviderImpl.attachVirtualMachine(AttachProviderImpl.java:54)
	at jdk.attach/com.sun.tools.attach.VirtualMachine.attach(VirtualMachine.java:201)
	at java.base/jdk.internal.reflect.DirectMethodHandleAccessor.invoke(DirectMethodHandleAccessor.java:104)
	at java.base/java.lang.reflect.Method.invoke(Method.java:565)
	at com.code_intelligence.jazzer.third_party.net.bytebuddy.agent.Attacher.install(Attacher.java:102)
	at com.code_intelligence.jazzer.third_party.net.bytebuddy.agent.ByteBuddyAgent.install(ByteBuddyAgent.java:601)
	at com.code_intelligence.jazzer.third_party.net.bytebuddy.agent.ByteBuddyAgent.install(ByteBuddyAgent.java:579)
	at com.code_intelligence.jazzer.third_party.net.bytebuddy.agent.ByteBuddyAgent.install(ByteBuddyAgent.java:531)
	at com.code_intelligence.jazzer.third_party.net.bytebuddy.agent.ByteBuddyAgent.install(ByteBuddyAgent.java:508)
	at com.code_intelligence.jazzer.agent.AgentInstaller.install(AgentInstaller.java:46)
	at com.code_intelligence.jazzer.driver.Driver.start(Driver.java:179)
	at com.code_intelligence.jazzer.Jazzer.start(Jazzer.java:118)
	at com.code_intelligence.jazzer.Jazzer.main(Jazzer.java:71)
Caused by: java.io.IOException: Error while instrumenting sun/jvmstat/perfdata/monitor/CountedTimerTask.
	at org.jacoco.agent.rt.internal_3570298.core.instr.Instrumenter.instrumentError(Instrumenter.java:160)
	at org.jacoco.agent.rt.internal_3570298.core.instr.Instrumenter.instrument(Instrumenter.java:110)
	at org.jacoco.agent.rt.internal_3570298.CoverageTransformer.transform(CoverageTransformer.java:92)
	... 28 more
Caused by: java.lang.IllegalArgumentException: Unsupported class file major version 69
	at org.jacoco.agent.rt.internal_3570298.asm.ClassReader.<init>(ClassReader.java:196)
	at org.jacoco.agent.rt.internal_3570298.asm.ClassReader.<init>(ClassReader.java:177)
	at org.jacoco.agent.rt.internal_3570298.asm.ClassReader.<init>(ClassReader.java:163)
	at org.jacoco.agent.rt.internal_3570298.core.internal.instr.InstrSupport.classReaderFor(InstrSupport.java:280)
	at org.jacoco.agent.rt.internal_3570298.core.instr.Instrumenter.instrument(Instrumenter.java:76)
	at org.jacoco.agent.rt.internal_3570298.core.instr.Instrumenter.instrument(Instrumenter.java:108)
	... 29 more
java.lang.instrument.IllegalClassFormatException: Error while instrumenting sun/jvmstat/perfdata/monitor/protocol/local/MonitoredHostProvider$NotifierTask.
	at org.jacoco.agent.rt.internal_3570298.CoverageTransformer.transform(CoverageTransformer.java:94)
	at java.instrument/java.lang.instrument.ClassFileTransformer.transform(ClassFileTransformer.java:257)
	at java.instrument/sun.instrument.TransformerManager.transform(TransformerManager.java:188)
	at java.instrument/sun.instrument.InstrumentationImpl.transform(InstrumentationImpl.java:594)
	at java.base/java.lang.ClassLoader.defineClass2(Native Method)
	at java.base/java.lang.ClassLoader.defineClass(ClassLoader.java:1052)
	at java.base/java.security.SecureClassLoader.defineClass(SecureClassLoader.java:176)
	at java.base/jdk.internal.loader.BuiltinClassLoader.defineClass(BuiltinClassLoader.java:735)
	at java.base/jdk.internal.loader.BuiltinClassLoader.findClassInModuleOrNull(BuiltinClassLoader.java:678)
	at java.base/jdk.internal.loader.BuiltinClassLoader.loadClassOrNull(BuiltinClassLoader.java:604)
	at java.base/jdk.internal.loader.BuiltinClassLoader.loadClass(BuiltinClassLoader.java:578)
	at java.base/java.lang.ClassLoader.loadClass(ClassLoader.java:490)
	at jdk.internal.jvmstat/sun.jvmstat.perfdata.monitor.protocol.local.MonitoredHostLocalService.getMonitoredHost(MonitoredHostLocalService.java:38)
	at jdk.internal.jvmstat/sun.jvmstat.monitor.MonitoredHost.getMonitoredHost(MonitoredHost.java:167)
	at jdk.internal.jvmstat/sun.jvmstat.monitor.MonitoredHost.getMonitoredHost(MonitoredHost.java:133)
	at jdk.attach/sun.tools.attach.HotSpotAttachProvider.testAttachable(HotSpotAttachProvider.java:117)
	at jdk.attach/sun.tools.attach.AttachProviderImpl.attachVirtualMachine(AttachProviderImpl.java:54)
	at jdk.attach/com.sun.tools.attach.VirtualMachine.attach(VirtualMachine.java:201)
	at java.base/jdk.internal.reflect.DirectMethodHandleAccessor.invoke(DirectMethodHandleAccessor.java:104)
	at java.base/java.lang.reflect.Method.invoke(Method.java:565)
	at com.code_intelligence.jazzer.third_party.net.bytebuddy.agent.Attacher.install(Attacher.java:102)
	at com.code_intelligence.jazzer.third_party.net.bytebuddy.agent.ByteBuddyAgent.install(ByteBuddyAgent.java:601)
	at com.code_intelligence.jazzer.third_party.net.bytebuddy.agent.ByteBuddyAgent.install(ByteBuddyAgent.java:579)
	at com.code_intelligence.jazzer.third_party.net.bytebuddy.agent.ByteBuddyAgent.install(ByteBuddyAgent.java:531)
	at com.code_intelligence.jazzer.third_party.net.bytebuddy.agent.ByteBuddyAgent.install(ByteBuddyAgent.java:508)
	at com.code_intelligence.jazzer.agent.AgentInstaller.install(AgentInstaller.java:46)
	at com.code_intelligence.jazzer.driver.Driver.start(Driver.java:179)
	at com.code_intelligence.jazzer.Jazzer.start(Jazzer.java:118)
	at com.code_intelligence.jazzer.Jazzer.main(Jazzer.java:71)
Caused by: java.io.IOException: Error while instrumenting sun/jvmstat/perfdata/monitor/protocol/local/MonitoredHostProvider$NotifierTask.
	at org.jacoco.agent.rt.internal_3570298.core.instr.Instrumenter.instrumentError(Instrumenter.java:160)
	at org.jacoco.agent.rt.internal_3570298.core.instr.Instrumenter.instrument(Instrumenter.java:110)
	at org.jacoco.agent.rt.internal_3570298.CoverageTransformer.transform(CoverageTransformer.java:92)
	... 28 more
Caused by: java.lang.IllegalArgumentException: Unsupported class file major version 69
	at org.jacoco.agent.rt.internal_3570298.asm.ClassReader.<init>(ClassReader.java:196)
	at org.jacoco.agent.rt.internal_3570298.asm.ClassReader.<init>(ClassReader.java:177)
	at org.jacoco.agent.rt.internal_3570298.asm.ClassReader.<init>(ClassReader.java:163)
	at org.jacoco.agent.rt.internal_3570298.core.internal.instr.InstrSupport.classReaderFor(InstrSupport.java:280)
	at org.jacoco.agent.rt.internal_3570298.core.instr.Instrumenter.instrument(Instrumenter.java:76)
	at org.jacoco.agent.rt.internal_3570298.core.instr.Instrumenter.instrument(Instrumenter.java:108)
	... 29 more
java.lang.instrument.IllegalClassFormatException: Error while instrumenting sun/jvmstat/perfdata/monitor/protocol/local/LocalEventTimer.
	at org.jacoco.agent.rt.internal_3570298.CoverageTransformer.transform(CoverageTransformer.java:94)
	at java.instrument/java.lang.instrument.ClassFileTransformer.transform(ClassFileTransformer.java:257)
	at java.instrument/sun.instrument.TransformerManager.transform(TransformerManager.java:188)
	at java.instrument/sun.instrument.InstrumentationImpl.transform(InstrumentationImpl.java:594)
	at java.base/java.lang.ClassLoader.defineClass2(Native Method)
	at java.base/java.lang.ClassLoader.defineClass(ClassLoader.java:1052)
	at java.base/java.security.SecureClassLoader.defineClass(SecureClassLoader.java:176)
	at java.base/jdk.internal.loader.BuiltinClassLoader.defineClass(BuiltinClassLoader.java:735)
	at java.base/jdk.internal.loader.BuiltinClassLoader.findClassInModuleOrNull(BuiltinClassLoader.java:678)
	at java.base/jdk.internal.loader.BuiltinClassLoader.loadClassOrNull(BuiltinClassLoader.java:604)
	at java.base/jdk.internal.loader.BuiltinClassLoader.loadClass(BuiltinClassLoader.java:578)
	at java.base/java.lang.ClassLoader.loadClass(ClassLoader.java:490)
	at jdk.internal.jvmstat/sun.jvmstat.perfdata.monitor.protocol.local.MonitoredHostLocalService.getMonitoredHost(MonitoredHostLocalService.java:38)
	at jdk.internal.jvmstat/sun.jvmstat.monitor.MonitoredHost.getMonitoredHost(MonitoredHost.java:167)
	at jdk.internal.jvmstat/sun.jvmstat.monitor.MonitoredHost.getMonitoredHost(MonitoredHost.java:133)
	at jdk.attach/sun.tools.attach.HotSpotAttachProvider.testAttachable(HotSpotAttachProvider.java:117)
	at jdk.attach/sun.tools.attach.AttachProviderImpl.attachVirtualMachine(AttachProviderImpl.java:54)
	at jdk.attach/com.sun.tools.attach.VirtualMachine.attach(VirtualMachine.java:201)
	at java.base/jdk.internal.reflect.DirectMethodHandleAccessor.invoke(DirectMethodHandleAccessor.java:104)
	at java.base/java.lang.reflect.Method.invoke(Method.java:565)
	at com.code_intelligence.jazzer.third_party.net.bytebuddy.agent.Attacher.install(Attacher.java:102)
	at com.code_intelligence.jazzer.third_party.net.bytebuddy.agent.ByteBuddyAgent.install(ByteBuddyAgent.java:601)
	at com.code_intelligence.jazzer.third_party.net.bytebuddy.agent.ByteBuddyAgent.install(ByteBuddyAgent.java:579)
	at com.code_intelligence.jazzer.third_party.net.bytebuddy.agent.ByteBuddyAgent.install(ByteBuddyAgent.java:531)
	at com.code_intelligence.jazzer.third_party.net.bytebuddy.agent.ByteBuddyAgent.install(ByteBuddyAgent.java:508)
	at com.code_intelligence.jazzer.agent.AgentInstaller.install(AgentInstaller.java:46)
	at com.code_intelligence.jazzer.driver.Driver.start(Driver.java:179)
	at com.code_intelligence.jazzer.Jazzer.start(Jazzer.java:118)
	at com.code_intelligence.jazzer.Jazzer.main(Jazzer.java:71)
Caused by: java.io.IOException: Error while instrumenting sun/jvmstat/perfdata/monitor/protocol/local/LocalEventTimer.
	at org.jacoco.agent.rt.internal_3570298.core.instr.Instrumenter.instrumentError(Instrumenter.java:160)
	at org.jacoco.agent.rt.internal_3570298.core.instr.Instrumenter.instrument(Instrumenter.java:110)
	at org.jacoco.agent.rt.internal_3570298.CoverageTransformer.transform(CoverageTransformer.java:92)
	... 28 more
Caused by: java.lang.IllegalArgumentException: Unsupported class file major version 69
	at org.jacoco.agent.rt.internal_3570298.asm.ClassReader.<init>(ClassReader.java:196)
	at org.jacoco.agent.rt.internal_3570298.asm.ClassReader.<init>(ClassReader.java:177)
	at org.jacoco.agent.rt.internal_3570298.asm.ClassReader.<init>(ClassReader.java:163)
	at org.jacoco.agent.rt.internal_3570298.core.internal.instr.InstrSupport.classReaderFor(InstrSupport.java:280)
	at org.jacoco.agent.rt.internal_3570298.core.instr.Instrumenter.instrument(Instrumenter.java:76)
	at org.jacoco.agent.rt.internal_3570298.core.instr.Instrumenter.instrument(Instrumenter.java:108)
	... 29 more
java.lang.instrument.IllegalClassFormatException: Error while instrumenting sun/jvmstat/monitor/MonitoredVm.
	at org.jacoco.agent.rt.internal_3570298.CoverageTransformer.transform(CoverageTransformer.java:94)
	at java.instrument/java.lang.instrument.ClassFileTransformer.transform(ClassFileTransformer.java:257)
	at java.instrument/sun.instrument.TransformerManager.transform(TransformerManager.java:188)
	at java.instrument/sun.instrument.InstrumentationImpl.transform(InstrumentationImpl.java:594)
	at java.base/java.lang.ClassLoader.defineClass2(Native Method)
	at java.base/java.lang.ClassLoader.defineClass(ClassLoader.java:1052)
	at java.base/java.security.SecureClassLoader.defineClass(SecureClassLoader.java:176)
	at java.base/jdk.internal.loader.BuiltinClassLoader.defineClass(BuiltinClassLoader.java:735)
	at java.base/jdk.internal.loader.BuiltinClassLoader.findClassInModuleOrNull(BuiltinClassLoader.java:678)
	at java.base/jdk.internal.loader.BuiltinClassLoader.loadClassOrNull(BuiltinClassLoader.java:604)
	at java.base/jdk.internal.loader.BuiltinClassLoader.loadClass(BuiltinClassLoader.java:578)
	at java.base/java.lang.ClassLoader.loadClass(ClassLoader.java:490)
	at jdk.internal.jvmstat/sun.jvmstat.perfdata.monitor.protocol.local.MonitoredHostLocalService.getMonitoredHost(MonitoredHostLocalService.java:38)
	at jdk.internal.jvmstat/sun.jvmstat.monitor.MonitoredHost.getMonitoredHost(MonitoredHost.java:167)
	at jdk.internal.jvmstat/sun.jvmstat.monitor.MonitoredHost.getMonitoredHost(MonitoredHost.java:133)
	at jdk.attach/sun.tools.attach.HotSpotAttachProvider.testAttachable(HotSpotAttachProvider.java:117)
	at jdk.attach/sun.tools.attach.AttachProviderImpl.attachVirtualMachine(AttachProviderImpl.java:54)
	at jdk.attach/com.sun.tools.attach.VirtualMachine.attach(VirtualMachine.java:201)
	at java.base/jdk.internal.reflect.DirectMethodHandleAccessor.invoke(DirectMethodHandleAccessor.java:104)
	at java.base/java.lang.reflect.Method.invoke(Method.java:565)
	at com.code_intelligence.jazzer.third_party.net.bytebuddy.agent.Attacher.install(Attacher.java:102)
	at com.code_intelligence.jazzer.third_party.net.bytebuddy.agent.ByteBuddyAgent.install(ByteBuddyAgent.java:601)
	at com.code_intelligence.jazzer.third_party.net.bytebuddy.agent.ByteBuddyAgent.install(ByteBuddyAgent.java:579)
	at com.code_intelligence.jazzer.third_party.net.bytebuddy.agent.ByteBuddyAgent.install(ByteBuddyAgent.java:531)
	at com.code_intelligence.jazzer.third_party.net.bytebuddy.agent.ByteBuddyAgent.install(ByteBuddyAgent.java:508)
	at com.code_intelligence.jazzer.agent.AgentInstaller.install(AgentInstaller.java:46)
	at com.code_intelligence.jazzer.driver.Driver.start(Driver.java:179)
	at com.code_intelligence.jazzer.Jazzer.start(Jazzer.java:118)
	at com.code_intelligence.jazzer.Jazzer.main(Jazzer.java:71)
Caused by: java.io.IOException: Error while instrumenting sun/jvmstat/monitor/MonitoredVm.
	at org.jacoco.agent.rt.internal_3570298.core.instr.Instrumenter.instrumentError(Instrumenter.java:160)
	at org.jacoco.agent.rt.internal_3570298.core.instr.Instrumenter.instrument(Instrumenter.java:110)
	at org.jacoco.agent.rt.internal_3570298.CoverageTransformer.transform(CoverageTransformer.java:92)
	... 28 more
Caused by: java.lang.IllegalArgumentException: Unsupported class file major version 69
	at org.jacoco.agent.rt.internal_3570298.asm.ClassReader.<init>(ClassReader.java:196)
	at org.jacoco.agent.rt.internal_3570298.asm.ClassReader.<init>(ClassReader.java:177)
	at org.jacoco.agent.rt.internal_3570298.asm.ClassReader.<init>(ClassReader.java:163)
	at org.jacoco.agent.rt.internal_3570298.core.internal.instr.InstrSupport.classReaderFor(InstrSupport.java:280)
	at org.jacoco.agent.rt.internal_3570298.core.instr.Instrumenter.instrument(Instrumenter.java:76)
	at org.jacoco.agent.rt.internal_3570298.core.instr.Instrumenter.instrument(Instrumenter.java:108)
	... 29 more
java.lang.instrument.IllegalClassFormatException: Error while instrumenting sun/jvmstat/perfdata/monitor/protocol/local/LocalVmManager.
	at org.jacoco.agent.rt.internal_3570298.CoverageTransformer.transform(CoverageTransformer.java:94)
	at java.instrument/java.lang.instrument.ClassFileTransformer.transform(ClassFileTransformer.java:257)
	at java.instrument/sun.instrument.TransformerManager.transform(TransformerManager.java:188)
	at java.instrument/sun.instrument.InstrumentationImpl.transform(InstrumentationImpl.java:594)
	at java.base/java.lang.ClassLoader.defineClass2(Native Method)
	at java.base/java.lang.ClassLoader.defineClass(ClassLoader.java:1052)
	at java.base/java.security.SecureClassLoader.defineClass(SecureClassLoader.java:176)
	at java.base/jdk.internal.loader.BuiltinClassLoader.defineClass(BuiltinClassLoader.java:735)
	at java.base/jdk.internal.loader.BuiltinClassLoader.findClassInModuleOrNull(BuiltinClassLoader.java:678)
	at java.base/jdk.internal.loader.BuiltinClassLoader.loadClassOrNull(BuiltinClassLoader.java:604)
	at java.base/jdk.internal.loader.BuiltinClassLoader.loadClass(BuiltinClassLoader.java:578)
	at java.base/java.lang.ClassLoader.loadClass(ClassLoader.java:490)
	at jdk.internal.jvmstat/sun.jvmstat.perfdata.monitor.protocol.local.MonitoredHostProvider.<init>(MonitoredHostProvider.java:59)
	at jdk.internal.jvmstat/sun.jvmstat.perfdata.monitor.protocol.local.MonitoredHostLocalService.getMonitoredHost(MonitoredHostLocalService.java:38)
	at jdk.internal.jvmstat/sun.jvmstat.monitor.MonitoredHost.getMonitoredHost(MonitoredHost.java:167)
	at jdk.internal.jvmstat/sun.jvmstat.monitor.MonitoredHost.getMonitoredHost(MonitoredHost.java:133)
	at jdk.attach/sun.tools.attach.HotSpotAttachProvider.testAttachable(HotSpotAttachProvider.java:117)
	at jdk.attach/sun.tools.attach.AttachProviderImpl.attachVirtualMachine(AttachProviderImpl.java:54)
	at jdk.attach/com.sun.tools.attach.VirtualMachine.attach(VirtualMachine.java:201)
	at java.base/jdk.internal.reflect.DirectMethodHandleAccessor.invoke(DirectMethodHandleAccessor.java:104)
	at java.base/java.lang.reflect.Method.invoke(Method.java:565)
	at com.code_intelligence.jazzer.third_party.net.bytebuddy.agent.Attacher.install(Attacher.java:102)
	at com.code_intelligence.jazzer.third_party.net.bytebuddy.agent.ByteBuddyAgent.install(ByteBuddyAgent.java:601)
	at com.code_intelligence.jazzer.third_party.net.bytebuddy.agent.ByteBuddyAgent.install(ByteBuddyAgent.java:579)
	at com.code_intelligence.jazzer.third_party.net.bytebuddy.agent.ByteBuddyAgent.install(ByteBuddyAgent.java:531)
	at com.code_intelligence.jazzer.third_party.net.bytebuddy.agent.ByteBuddyAgent.install(ByteBuddyAgent.java:508)
	at com.code_intelligence.jazzer.agent.AgentInstaller.install(AgentInstaller.java:46)
	at com.code_intelligence.jazzer.driver.Driver.start(Driver.java:179)
	at com.code_intelligence.jazzer.Jazzer.start(Jazzer.java:118)
	at com.code_intelligence.jazzer.Jazzer.main(Jazzer.java:71)
Caused by: java.io.IOException: Error while instrumenting sun/jvmstat/perfdata/monitor/protocol/local/LocalVmManager.
	at org.jacoco.agent.rt.internal_3570298.core.instr.Instrumenter.instrumentError(Instrumenter.java:160)
	at org.jacoco.agent.rt.internal_3570298.core.instr.Instrumenter.instrument(Instrumenter.java:110)
	at org.jacoco.agent.rt.internal_3570298.CoverageTransformer.transform(CoverageTransformer.java:92)
	... 29 more
Caused by: java.lang.IllegalArgumentException: Unsupported class file major version 69
	at org.jacoco.agent.rt.internal_3570298.asm.ClassReader.<init>(ClassReader.java:196)
	at org.jacoco.agent.rt.internal_3570298.asm.ClassReader.<init>(ClassReader.java:177)
	at org.jacoco.agent.rt.internal_3570298.asm.ClassReader.<init>(ClassReader.java:163)
	at org.jacoco.agent.rt.internal_3570298.core.internal.instr.InstrSupport.classReaderFor(InstrSupport.java:280)
	at org.jacoco.agent.rt.internal_3570298.core.instr.Instrumenter.instrument(Instrumenter.java:76)
	at org.jacoco.agent.rt.internal_3570298.core.instr.Instrumenter.instrument(Instrumenter.java:108)
	... 30 more
java.lang.instrument.IllegalClassFormatException: Error while instrumenting sun/jvmstat/perfdata/monitor/protocol/local/LocalVmManager$1.
	at org.jacoco.agent.rt.internal_3570298.CoverageTransformer.transform(CoverageTransformer.java:94)
	at java.instrument/java.lang.instrument.ClassFileTransformer.transform(ClassFileTransformer.java:257)
	at java.instrument/sun.instrument.TransformerManager.transform(TransformerManager.java:188)
	at java.instrument/sun.instrument.InstrumentationImpl.transform(InstrumentationImpl.java:594)
	at java.base/java.lang.ClassLoader.defineClass2(Native Method)
	at java.base/java.lang.ClassLoader.defineClass(ClassLoader.java:1052)
	at java.base/java.security.SecureClassLoader.defineClass(SecureClassLoader.java:176)
	at java.base/jdk.internal.loader.BuiltinClassLoader.defineClass(BuiltinClassLoader.java:735)
	at java.base/jdk.internal.loader.BuiltinClassLoader.findClassInModuleOrNull(BuiltinClassLoader.java:678)
	at java.base/jdk.internal.loader.BuiltinClassLoader.loadClassOrNull(BuiltinClassLoader.java:604)
	at java.base/jdk.internal.loader.BuiltinClassLoader.loadClass(BuiltinClassLoader.java:578)
	at java.base/java.lang.ClassLoader.loadClass(ClassLoader.java:490)
	at jdk.internal.jvmstat/sun.jvmstat.perfdata.monitor.protocol.local.LocalVmManager.<init>(LocalVmManager.java:57)
	at jdk.internal.jvmstat/sun.jvmstat.perfdata.monitor.protocol.local.MonitoredHostProvider.<init>(MonitoredHostProvider.java:59)
	at jdk.internal.jvmstat/sun.jvmstat.perfdata.monitor.protocol.local.MonitoredHostLocalService.getMonitoredHost(MonitoredHostLocalService.java:38)
	at jdk.internal.jvmstat/sun.jvmstat.monitor.MonitoredHost.getMonitoredHost(MonitoredHost.java:167)
	at jdk.internal.jvmstat/sun.jvmstat.monitor.MonitoredHost.getMonitoredHost(MonitoredHost.java:133)
	at jdk.attach/sun.tools.attach.HotSpotAttachProvider.testAttachable(HotSpotAttachProvider.java:117)
	at jdk.attach/sun.tools.attach.AttachProviderImpl.attachVirtualMachine(AttachProviderImpl.java:54)
	at jdk.attach/com.sun.tools.attach.VirtualMachine.attach(VirtualMachine.java:201)
	at java.base/jdk.internal.reflect.DirectMethodHandleAccessor.invoke(DirectMethodHandleAccessor.java:104)
	at java.base/java.lang.reflect.Method.invoke(Method.java:565)
	at com.code_intelligence.jazzer.third_party.net.bytebuddy.agent.Attacher.install(Attacher.java:102)
	at com.code_intelligence.jazzer.third_party.net.bytebuddy.agent.ByteBuddyAgent.install(ByteBuddyAgent.java:601)
	at com.code_intelligence.jazzer.third_party.net.bytebuddy.agent.ByteBuddyAgent.install(ByteBuddyAgent.java:579)
	at com.code_intelligence.jazzer.third_party.net.bytebuddy.agent.ByteBuddyAgent.install(ByteBuddyAgent.java:531)
	at com.code_intelligence.jazzer.third_party.net.bytebuddy.agent.ByteBuddyAgent.install(ByteBuddyAgent.java:508)
	at com.code_intelligence.jazzer.agent.AgentInstaller.install(AgentInstaller.java:46)
	at com.code_intelligence.jazzer.driver.Driver.start(Driver.java:179)
	at com.code_intelligence.jazzer.Jazzer.start(Jazzer.java:118)
	at com.code_intelligence.jazzer.Jazzer.main(Jazzer.java:71)
Caused by: java.io.IOException: Error while instrumenting sun/jvmstat/perfdata/monitor/protocol/local/LocalVmManager$1.
	at org.jacoco.agent.rt.internal_3570298.core.instr.Instrumenter.instrumentError(Instrumenter.java:160)
	at org.jacoco.agent.rt.internal_3570298.core.instr.Instrumenter.instrument(Instrumenter.java:110)
	at org.jacoco.agent.rt.internal_3570298.CoverageTransformer.transform(CoverageTransformer.java:92)
	... 30 more
Caused by: java.lang.IllegalArgumentException: Unsupported class file major version 69
	at org.jacoco.agent.rt.internal_3570298.asm.ClassReader.<init>(ClassReader.java:196)
	at org.jacoco.agent.rt.internal_3570298.asm.ClassReader.<init>(ClassReader.java:177)
	at org.jacoco.agent.rt.internal_3570298.asm.ClassReader.<init>(ClassReader.java:163)
	at org.jacoco.agent.rt.internal_3570298.core.internal.instr.InstrSupport.classReaderFor(InstrSupport.java:280)
	at org.jacoco.agent.rt.internal_3570298.core.instr.Instrumenter.instrument(Instrumenter.java:76)
	at org.jacoco.agent.rt.internal_3570298.core.instr.Instrumenter.instrument(Instrumenter.java:108)
	... 31 more
java.lang.instrument.IllegalClassFormatException: Error while instrumenting sun/jvmstat/perfdata/monitor/protocol/local/LocalVmManager$2.
	at org.jacoco.agent.rt.internal_3570298.CoverageTransformer.transform(CoverageTransformer.java:94)
	at java.instrument/java.lang.instrument.ClassFileTransformer.transform(ClassFileTransformer.java:257)
	at java.instrument/sun.instrument.TransformerManager.transform(TransformerManager.java:188)
	at java.instrument/sun.instrument.InstrumentationImpl.transform(InstrumentationImpl.java:594)
	at java.base/java.lang.ClassLoader.defineClass2(Native Method)
	at java.base/java.lang.ClassLoader.defineClass(ClassLoader.java:1052)
	at java.base/java.security.SecureClassLoader.defineClass(SecureClassLoader.java:176)
	at java.base/jdk.internal.loader.BuiltinClassLoader.defineClass(BuiltinClassLoader.java:735)
	at java.base/jdk.internal.loader.BuiltinClassLoader.findClassInModuleOrNull(BuiltinClassLoader.java:678)
	at java.base/jdk.internal.loader.BuiltinClassLoader.loadClassOrNull(BuiltinClassLoader.java:604)
	at java.base/jdk.internal.loader.BuiltinClassLoader.loadClass(BuiltinClassLoader.java:578)
	at java.base/java.lang.ClassLoader.loadClass(ClassLoader.java:490)
	at jdk.internal.jvmstat/sun.jvmstat.perfdata.monitor.protocol.local.LocalVmManager.<init>(LocalVmManager.java:64)
	at jdk.internal.jvmstat/sun.jvmstat.perfdata.monitor.protocol.local.MonitoredHostProvider.<init>(MonitoredHostProvider.java:59)
	at jdk.internal.jvmstat/sun.jvmstat.perfdata.monitor.protocol.local.MonitoredHostLocalService.getMonitoredHost(MonitoredHostLocalService.java:38)
	at jdk.internal.jvmstat/sun.jvmstat.monitor.MonitoredHost.getMonitoredHost(MonitoredHost.java:167)
	at jdk.internal.jvmstat/sun.jvmstat.monitor.MonitoredHost.getMonitoredHost(MonitoredHost.java:133)
	at jdk.attach/sun.tools.attach.HotSpotAttachProvider.testAttachable(HotSpotAttachProvider.java:117)
	at jdk.attach/sun.tools.attach.AttachProviderImpl.attachVirtualMachine(AttachProviderImpl.java:54)
	at jdk.attach/com.sun.tools.attach.VirtualMachine.attach(VirtualMachine.java:201)
	at java.base/jdk.internal.reflect.DirectMethodHandleAccessor.invoke(DirectMethodHandleAccessor.java:104)
	at java.base/java.lang.reflect.Method.invoke(Method.java:565)
	at com.code_intelligence.jazzer.third_party.net.bytebuddy.agent.Attacher.install(Attacher.java:102)
	at com.code_intelligence.jazzer.third_party.net.bytebuddy.agent.ByteBuddyAgent.install(ByteBuddyAgent.java:601)
	at com.code_intelligence.jazzer.third_party.net.bytebuddy.agent.ByteBuddyAgent.install(ByteBuddyAgent.java:579)
	at com.code_intelligence.jazzer.third_party.net.bytebuddy.agent.ByteBuddyAgent.install(ByteBuddyAgent.java:531)
	at com.code_intelligence.jazzer.third_party.net.bytebuddy.agent.ByteBuddyAgent.install(ByteBuddyAgent.java:508)
	at com.code_intelligence.jazzer.agent.AgentInstaller.install(AgentInstaller.java:46)
	at com.code_intelligence.jazzer.driver.Driver.start(Driver.java:179)
	at com.code_intelligence.jazzer.Jazzer.start(Jazzer.java:118)
	at com.code_intelligence.jazzer.Jazzer.main(Jazzer.java:71)
Caused by: java.io.IOException: Error while instrumenting sun/jvmstat/perfdata/monitor/protocol/local/LocalVmManager$2.
	at org.jacoco.agent.rt.internal_3570298.core.instr.Instrumenter.instrumentError(Instrumenter.java:160)
	at org.jacoco.agent.rt.internal_3570298.core.instr.Instrumenter.instrument(Instrumenter.java:110)
	at org.jacoco.agent.rt.internal_3570298.CoverageTransformer.transform(CoverageTransformer.java:92)
	... 30 more
Caused by: java.lang.IllegalArgumentException: Unsupported class file major version 69
	at org.jacoco.agent.rt.internal_3570298.asm.ClassReader.<init>(ClassReader.java:196)
	at org.jacoco.agent.rt.internal_3570298.asm.ClassReader.<init>(ClassReader.java:177)
	at org.jacoco.agent.rt.internal_3570298.asm.ClassReader.<init>(ClassReader.java:163)
	at org.jacoco.agent.rt.internal_3570298.core.internal.instr.InstrSupport.classReaderFor(InstrSupport.java:280)
	at org.jacoco.agent.rt.internal_3570298.core.instr.Instrumenter.instrument(Instrumenter.java:76)
	at org.jacoco.agent.rt.internal_3570298.core.instr.Instrumenter.instrument(Instrumenter.java:108)
	... 31 more
java.lang.instrument.IllegalClassFormatException: Error while instrumenting sun/jvmstat/perfdata/monitor/protocol/local/LocalMonitoredVm.
	at org.jacoco.agent.rt.internal_3570298.CoverageTransformer.transform(CoverageTransformer.java:94)
	at java.instrument/java.lang.instrument.ClassFileTransformer.transform(ClassFileTransformer.java:257)
	at java.instrument/sun.instrument.TransformerManager.transform(TransformerManager.java:188)
	at java.instrument/sun.instrument.InstrumentationImpl.transform(InstrumentationImpl.java:594)
	at java.base/java.lang.ClassLoader.defineClass2(Native Method)
	at java.base/java.lang.ClassLoader.defineClass(ClassLoader.java:1052)
	at java.base/java.security.SecureClassLoader.defineClass(SecureClassLoader.java:176)
	at java.base/jdk.internal.loader.BuiltinClassLoader.defineClass(BuiltinClassLoader.java:735)
	at java.base/jdk.internal.loader.BuiltinClassLoader.findClassInModuleOrNull(BuiltinClassLoader.java:678)
	at java.base/jdk.internal.loader.BuiltinClassLoader.loadClassOrNull(BuiltinClassLoader.java:604)
	at java.base/jdk.internal.loader.BuiltinClassLoader.loadClass(BuiltinClassLoader.java:578)
	at java.base/java.lang.ClassLoader.loadClass(ClassLoader.java:490)
	at jdk.internal.jvmstat/sun.jvmstat.perfdata.monitor.protocol.local.MonitoredHostProvider.getMonitoredVm(MonitoredHostProvider.java:77)
	at jdk.internal.jvmstat/sun.jvmstat.perfdata.monitor.protocol.local.MonitoredHostProvider.getMonitoredVm(MonitoredHostProvider.java:67)
	at jdk.attach/sun.tools.attach.HotSpotAttachProvider.testAttachable(HotSpotAttachProvider.java:118)
	at jdk.attach/sun.tools.attach.AttachProviderImpl.attachVirtualMachine(AttachProviderImpl.java:54)
	at jdk.attach/com.sun.tools.attach.VirtualMachine.attach(VirtualMachine.java:201)
	at java.base/jdk.internal.reflect.DirectMethodHandleAccessor.invoke(DirectMethodHandleAccessor.java:104)
	at java.base/java.lang.reflect.Method.invoke(Method.java:565)
	at com.code_intelligence.jazzer.third_party.net.bytebuddy.agent.Attacher.install(Attacher.java:102)
	at com.code_intelligence.jazzer.third_party.net.bytebuddy.agent.ByteBuddyAgent.install(ByteBuddyAgent.java:601)
	at com.code_intelligence.jazzer.third_party.net.bytebuddy.agent.ByteBuddyAgent.install(ByteBuddyAgent.java:579)
	at com.code_intelligence.jazzer.third_party.net.bytebuddy.agent.ByteBuddyAgent.install(ByteBuddyAgent.java:531)
	at com.code_intelligence.jazzer.third_party.net.bytebuddy.agent.ByteBuddyAgent.install(ByteBuddyAgent.java:508)
	at com.code_intelligence.jazzer.agent.AgentInstaller.install(AgentInstaller.java:46)
	at com.code_intelligence.jazzer.driver.Driver.start(Driver.java:179)
	at com.code_intelligence.jazzer.Jazzer.start(Jazzer.java:118)
	at com.code_intelligence.jazzer.Jazzer.main(Jazzer.java:71)
Caused by: java.io.IOException: Error while instrumenting sun/jvmstat/perfdata/monitor/protocol/local/LocalMonitoredVm.
	at org.jacoco.agent.rt.internal_3570298.core.instr.Instrumenter.instrumentError(Instrumenter.java:160)
	at org.jacoco.agent.rt.internal_3570298.core.instr.Instrumenter.instrument(Instrumenter.java:110)
	at org.jacoco.agent.rt.internal_3570298.CoverageTransformer.transform(CoverageTransformer.java:92)
	... 27 more
Caused by: java.lang.IllegalArgumentException: Unsupported class file major version 69
	at org.jacoco.agent.rt.internal_3570298.asm.ClassReader.<init>(ClassReader.java:196)
	at org.jacoco.agent.rt.internal_3570298.asm.ClassReader.<init>(ClassReader.java:177)
	at org.jacoco.agent.rt.internal_3570298.asm.ClassReader.<init>(ClassReader.java:163)
	at org.jacoco.agent.rt.internal_3570298.core.internal.instr.InstrSupport.classReaderFor(InstrSupport.java:280)
	at org.jacoco.agent.rt.internal_3570298.core.instr.Instrumenter.instrument(Instrumenter.java:76)
	at org.jacoco.agent.rt.internal_3570298.core.instr.Instrumenter.instrument(Instrumenter.java:108)
	... 28 more
java.lang.instrument.IllegalClassFormatException: Error while instrumenting sun/jvmstat/perfdata/monitor/AbstractMonitoredVm.
	at org.jacoco.agent.rt.internal_3570298.CoverageTransformer.transform(CoverageTransformer.java:94)
	at java.instrument/java.lang.instrument.ClassFileTransformer.transform(ClassFileTransformer.java:257)
	at java.instrument/sun.instrument.TransformerManager.transform(TransformerManager.java:188)
	at java.instrument/sun.instrument.InstrumentationImpl.transform(InstrumentationImpl.java:594)
	at java.base/java.lang.ClassLoader.defineClass2(Native Method)
	at java.base/java.lang.ClassLoader.defineClass(ClassLoader.java:1052)
	at java.base/java.security.SecureClassLoader.defineClass(SecureClassLoader.java:176)
	at java.base/jdk.internal.loader.BuiltinClassLoader.defineClass(BuiltinClassLoader.java:735)
	at java.base/jdk.internal.loader.BuiltinClassLoader.findClassInModuleOrNull(BuiltinClassLoader.java:678)
	at java.base/jdk.internal.loader.BuiltinClassLoader.loadClassOrNull(BuiltinClassLoader.java:604)
	at java.base/jdk.internal.loader.BuiltinClassLoader.loadClass(BuiltinClassLoader.java:578)
	at java.base/java.lang.ClassLoader.loadClass(ClassLoader.java:490)
	at java.base/java.lang.ClassLoader.defineClass2(Native Method)
	at java.base/java.lang.ClassLoader.defineClass(ClassLoader.java:1052)
	at java.base/java.security.SecureClassLoader.defineClass(SecureClassLoader.java:176)
	at java.base/jdk.internal.loader.BuiltinClassLoader.defineClass(BuiltinClassLoader.java:735)
	at java.base/jdk.internal.loader.BuiltinClassLoader.findClassInModuleOrNull(BuiltinClassLoader.java:678)
	at java.base/jdk.internal.loader.BuiltinClassLoader.loadClassOrNull(BuiltinClassLoader.java:604)
	at java.base/jdk.internal.loader.BuiltinClassLoader.loadClass(BuiltinClassLoader.java:578)
	at java.base/java.lang.ClassLoader.loadClass(ClassLoader.java:490)
	at jdk.internal.jvmstat/sun.jvmstat.perfdata.monitor.protocol.local.MonitoredHostProvider.getMonitoredVm(MonitoredHostProvider.java:77)
	at jdk.internal.jvmstat/sun.jvmstat.perfdata.monitor.protocol.local.MonitoredHostProvider.getMonitoredVm(MonitoredHostProvider.java:67)
	at jdk.attach/sun.tools.attach.HotSpotAttachProvider.testAttachable(HotSpotAttachProvider.java:118)
	at jdk.attach/sun.tools.attach.AttachProviderImpl.attachVirtualMachine(AttachProviderImpl.java:54)
	at jdk.attach/com.sun.tools.attach.VirtualMachine.attach(VirtualMachine.java:201)
	at java.base/jdk.internal.reflect.DirectMethodHandleAccessor.invoke(DirectMethodHandleAccessor.java:104)
	at java.base/java.lang.reflect.Method.invoke(Method.java:565)
	at com.code_intelligence.jazzer.third_party.net.bytebuddy.agent.Attacher.install(Attacher.java:102)
	at com.code_intelligence.jazzer.third_party.net.bytebuddy.agent.ByteBuddyAgent.install(ByteBuddyAgent.java:601)
	at com.code_intelligence.jazzer.third_party.net.bytebuddy.agent.ByteBuddyAgent.install(ByteBuddyAgent.java:579)
	at com.code_intelligence.jazzer.third_party.net.bytebuddy.agent.ByteBuddyAgent.install(ByteBuddyAgent.java:531)
	at com.code_intelligence.jazzer.third_party.net.bytebuddy.agent.ByteBuddyAgent.install(ByteBuddyAgent.java:508)
	at com.code_intelligence.jazzer.agent.AgentInstaller.install(AgentInstaller.java:46)
	at com.code_intelligence.jazzer.driver.Driver.start(Driver.java:179)
	at com.code_intelligence.jazzer.Jazzer.start(Jazzer.java:118)
	at com.code_intelligence.jazzer.Jazzer.main(Jazzer.java:71)
Caused by: java.io.IOException: Error while instrumenting sun/jvmstat/perfdata/monitor/AbstractMonitoredVm.
	at org.jacoco.agent.rt.internal_3570298.core.instr.Instrumenter.instrumentError(Instrumenter.java:160)
	at org.jacoco.agent.rt.internal_3570298.core.instr.Instrumenter.instrument(Instrumenter.java:110)
	at org.jacoco.agent.rt.internal_3570298.CoverageTransformer.transform(CoverageTransformer.java:92)
	... 35 more
Caused by: java.lang.IllegalArgumentException: Unsupported class file major version 69
	at org.jacoco.agent.rt.internal_3570298.asm.ClassReader.<init>(ClassReader.java:196)
	at org.jacoco.agent.rt.internal_3570298.asm.ClassReader.<init>(ClassReader.java:177)
	at org.jacoco.agent.rt.internal_3570298.asm.ClassReader.<init>(ClassReader.java:163)
	at org.jacoco.agent.rt.internal_3570298.core.internal.instr.InstrSupport.classReaderFor(InstrSupport.java:280)
	at org.jacoco.agent.rt.internal_3570298.core.instr.Instrumenter.instrument(Instrumenter.java:76)
	at org.jacoco.agent.rt.internal_3570298.core.instr.Instrumenter.instrument(Instrumenter.java:108)
	... 36 more
java.lang.instrument.IllegalClassFormatException: Error while instrumenting sun/jvmstat/monitor/BufferedMonitoredVm.
	at org.jacoco.agent.rt.internal_3570298.CoverageTransformer.transform(CoverageTransformer.java:94)
	at java.instrument/java.lang.instrument.ClassFileTransformer.transform(ClassFileTransformer.java:257)
	at java.instrument/sun.instrument.TransformerManager.transform(TransformerManager.java:188)
	at java.instrument/sun.instrument.InstrumentationImpl.transform(InstrumentationImpl.java:594)
	at java.base/java.lang.ClassLoader.defineClass2(Native Method)
	at java.base/java.lang.ClassLoader.defineClass(ClassLoader.java:1052)
	at java.base/java.security.SecureClassLoader.defineClass(SecureClassLoader.java:176)
	at java.base/jdk.internal.loader.BuiltinClassLoader.defineClass(BuiltinClassLoader.java:735)
	at java.base/jdk.internal.loader.BuiltinClassLoader.findClassInModuleOrNull(BuiltinClassLoader.java:678)
	at java.base/jdk.internal.loader.BuiltinClassLoader.loadClassOrNull(BuiltinClassLoader.java:604)
	at java.base/jdk.internal.loader.BuiltinClassLoader.loadClass(BuiltinClassLoader.java:578)
	at java.base/java.lang.ClassLoader.loadClass(ClassLoader.java:490)
	at java.base/java.lang.ClassLoader.defineClass2(Native Method)
	at java.base/java.lang.ClassLoader.defineClass(ClassLoader.java:1052)
	at java.base/java.security.SecureClassLoader.defineClass(SecureClassLoader.java:176)
	at java.base/jdk.internal.loader.BuiltinClassLoader.defineClass(BuiltinClassLoader.java:735)
	at java.base/jdk.internal.loader.BuiltinClassLoader.findClassInModuleOrNull(BuiltinClassLoader.java:678)
	at java.base/jdk.internal.loader.BuiltinClassLoader.loadClassOrNull(BuiltinClassLoader.java:604)
	at java.base/jdk.internal.loader.BuiltinClassLoader.loadClass(BuiltinClassLoader.java:578)
	at java.base/java.lang.ClassLoader.loadClass(ClassLoader.java:490)
	at java.base/java.lang.ClassLoader.defineClass2(Native Method)
	at java.base/java.lang.ClassLoader.defineClass(ClassLoader.java:1052)
	at java.base/java.security.SecureClassLoader.defineClass(SecureClassLoader.java:176)
	at java.base/jdk.internal.loader.BuiltinClassLoader.defineClass(BuiltinClassLoader.java:735)
	at java.base/jdk.internal.loader.BuiltinClassLoader.findClassInModuleOrNull(BuiltinClassLoader.java:678)
	at java.base/jdk.internal.loader.BuiltinClassLoader.loadClassOrNull(BuiltinClassLoader.java:604)
	at java.base/jdk.internal.loader.BuiltinClassLoader.loadClass(BuiltinClassLoader.java:578)
	at java.base/java.lang.ClassLoader.loadClass(ClassLoader.java:490)
	at jdk.internal.jvmstat/sun.jvmstat.perfdata.monitor.protocol.local.MonitoredHostProvider.getMonitoredVm(MonitoredHostProvider.java:77)
	at jdk.internal.jvmstat/sun.jvmstat.perfdata.monitor.protocol.local.MonitoredHostProvider.getMonitoredVm(MonitoredHostProvider.java:67)
	at jdk.attach/sun.tools.attach.HotSpotAttachProvider.testAttachable(HotSpotAttachProvider.java:118)
	at jdk.attach/sun.tools.attach.AttachProviderImpl.attachVirtualMachine(AttachProviderImpl.java:54)
	at jdk.attach/com.sun.tools.attach.VirtualMachine.attach(VirtualMachine.java:201)
	at java.base/jdk.internal.reflect.DirectMethodHandleAccessor.invoke(DirectMethodHandleAccessor.java:104)
	at java.base/java.lang.reflect.Method.invoke(Method.java:565)
	at com.code_intelligence.jazzer.third_party.net.bytebuddy.agent.Attacher.install(Attacher.java:102)
	at com.code_intelligence.jazzer.third_party.net.bytebuddy.agent.ByteBuddyAgent.install(ByteBuddyAgent.java:601)
	at com.code_intelligence.jazzer.third_party.net.bytebuddy.agent.ByteBuddyAgent.install(ByteBuddyAgent.java:579)
	at com.code_intelligence.jazzer.third_party.net.bytebuddy.agent.ByteBuddyAgent.install(ByteBuddyAgent.java:531)
	at com.code_intelligence.jazzer.third_party.net.bytebuddy.agent.ByteBuddyAgent.install(ByteBuddyAgent.java:508)
	at com.code_intelligence.jazzer.agent.AgentInstaller.install(AgentInstaller.java:46)
	at com.code_intelligence.jazzer.driver.Driver.start(Driver.java:179)
	at com.code_intelligence.jazzer.Jazzer.start(Jazzer.java:118)
	at com.code_intelligence.jazzer.Jazzer.main(Jazzer.java:71)
Caused by: java.io.IOException: Error while instrumenting sun/jvmstat/monitor/BufferedMonitoredVm.
	at org.jacoco.agent.rt.internal_3570298.core.instr.Instrumenter.instrumentError(Instrumenter.java:160)
	at org.jacoco.agent.rt.internal_3570298.core.instr.Instrumenter.instrument(Instrumenter.java:110)
	at org.jacoco.agent.rt.internal_3570298.CoverageTransformer.transform(CoverageTransformer.java:92)
	... 43 more
Caused by: java.lang.IllegalArgumentException: Unsupported class file major version 69
	at org.jacoco.agent.rt.internal_3570298.asm.ClassReader.<init>(ClassReader.java:196)
	at org.jacoco.agent.rt.internal_3570298.asm.ClassReader.<init>(ClassReader.java:177)
	at org.jacoco.agent.rt.internal_3570298.asm.ClassReader.<init>(ClassReader.java:163)
	at org.jacoco.agent.rt.internal_3570298.core.internal.instr.InstrSupport.classReaderFor(InstrSupport.java:280)
	at org.jacoco.agent.rt.internal_3570298.core.instr.Instrumenter.instrument(Instrumenter.java:76)
	at org.jacoco.agent.rt.internal_3570298.core.instr.Instrumenter.instrument(Instrumenter.java:108)
	... 44 more
java.lang.instrument.IllegalClassFormatException: Error while instrumenting sun/jvmstat/perfdata/monitor/AbstractPerfDataBuffer.
	at org.jacoco.agent.rt.internal_3570298.CoverageTransformer.transform(CoverageTransformer.java:94)
	at java.instrument/java.lang.instrument.ClassFileTransformer.transform(ClassFileTransformer.java:257)
	at java.instrument/sun.instrument.TransformerManager.transform(TransformerManager.java:188)
	at java.instrument/sun.instrument.InstrumentationImpl.transform(InstrumentationImpl.java:594)
	at java.base/java.lang.ClassLoader.defineClass2(Native Method)
	at java.base/java.lang.ClassLoader.defineClass(ClassLoader.java:1052)
	at java.base/java.security.SecureClassLoader.defineClass(SecureClassLoader.java:176)
	at java.base/jdk.internal.loader.BuiltinClassLoader.defineClass(BuiltinClassLoader.java:735)
	at java.base/jdk.internal.loader.BuiltinClassLoader.findClassInModuleOrNull(BuiltinClassLoader.java:678)
	at java.base/jdk.internal.loader.BuiltinClassLoader.loadClassOrNull(BuiltinClassLoader.java:604)
	at java.base/jdk.internal.loader.BuiltinClassLoader.loadClass(BuiltinClassLoader.java:578)
	at java.base/java.lang.ClassLoader.loadClass(ClassLoader.java:490)
	at jdk.internal.jvmstat/sun.jvmstat.perfdata.monitor.protocol.local.MonitoredHostProvider.getMonitoredVm(MonitoredHostProvider.java:77)
	at jdk.internal.jvmstat/sun.jvmstat.perfdata.monitor.protocol.local.MonitoredHostProvider.getMonitoredVm(MonitoredHostProvider.java:67)
	at jdk.attach/sun.tools.attach.HotSpotAttachProvider.testAttachable(HotSpotAttachProvider.java:118)
	at jdk.attach/sun.tools.attach.AttachProviderImpl.attachVirtualMachine(AttachProviderImpl.java:54)
	at jdk.attach/com.sun.tools.attach.VirtualMachine.attach(VirtualMachine.java:201)
	at java.base/jdk.internal.reflect.DirectMethodHandleAccessor.invoke(DirectMethodHandleAccessor.java:104)
	at java.base/java.lang.reflect.Method.invoke(Method.java:565)
	at com.code_intelligence.jazzer.third_party.net.bytebuddy.agent.Attacher.install(Attacher.java:102)
	at com.code_intelligence.jazzer.third_party.net.bytebuddy.agent.ByteBuddyAgent.install(ByteBuddyAgent.java:601)
	at com.code_intelligence.jazzer.third_party.net.bytebuddy.agent.ByteBuddyAgent.install(ByteBuddyAgent.java:579)
	at com.code_intelligence.jazzer.third_party.net.bytebuddy.agent.ByteBuddyAgent.install(ByteBuddyAgent.java:531)
	at com.code_intelligence.jazzer.third_party.net.bytebuddy.agent.ByteBuddyAgent.install(ByteBuddyAgent.java:508)
	at com.code_intelligence.jazzer.agent.AgentInstaller.install(AgentInstaller.java:46)
	at com.code_intelligence.jazzer.driver.Driver.start(Driver.java:179)
	at com.code_intelligence.jazzer.Jazzer.start(Jazzer.java:118)
	at com.code_intelligence.jazzer.Jazzer.main(Jazzer.java:71)
Caused by: java.io.IOException: Error while instrumenting sun/jvmstat/perfdata/monitor/AbstractPerfDataBuffer.
	at org.jacoco.agent.rt.internal_3570298.core.instr.Instrumenter.instrumentError(Instrumenter.java:160)
	at org.jacoco.agent.rt.internal_3570298.core.instr.Instrumenter.instrument(Instrumenter.java:110)
	at org.jacoco.agent.rt.internal_3570298.CoverageTransformer.transform(CoverageTransformer.java:92)
	... 27 more
Caused by: java.lang.IllegalArgumentException: Unsupported class file major version 69
	at org.jacoco.agent.rt.internal_3570298.asm.ClassReader.<init>(ClassReader.java:196)
	at org.jacoco.agent.rt.internal_3570298.asm.ClassReader.<init>(ClassReader.java:177)
	at org.jacoco.agent.rt.internal_3570298.asm.ClassReader.<init>(ClassReader.java:163)
	at org.jacoco.agent.rt.internal_3570298.core.internal.instr.InstrSupport.classReaderFor(InstrSupport.java:280)
	at org.jacoco.agent.rt.internal_3570298.core.instr.Instrumenter.instrument(Instrumenter.java:76)
	at org.jacoco.agent.rt.internal_3570298.core.instr.Instrumenter.instrument(Instrumenter.java:108)
	... 28 more
java.lang.instrument.IllegalClassFormatException: Error while instrumenting sun/jvmstat/perfdata/monitor/protocol/local/PerfDataBuffer.
	at org.jacoco.agent.rt.internal_3570298.CoverageTransformer.transform(CoverageTransformer.java:94)
	at java.instrument/java.lang.instrument.ClassFileTransformer.transform(ClassFileTransformer.java:257)
	at java.instrument/sun.instrument.TransformerManager.transform(TransformerManager.java:188)
	at java.instrument/sun.instrument.InstrumentationImpl.transform(InstrumentationImpl.java:594)
	at java.base/java.lang.ClassLoader.defineClass2(Native Method)
	at java.base/java.lang.ClassLoader.defineClass(ClassLoader.java:1052)
	at java.base/java.security.SecureClassLoader.defineClass(SecureClassLoader.java:176)
	at java.base/jdk.internal.loader.BuiltinClassLoader.defineClass(BuiltinClassLoader.java:735)
	at java.base/jdk.internal.loader.BuiltinClassLoader.findClassInModuleOrNull(BuiltinClassLoader.java:678)
	at java.base/jdk.internal.loader.BuiltinClassLoader.loadClassOrNull(BuiltinClassLoader.java:604)
	at java.base/jdk.internal.loader.BuiltinClassLoader.loadClass(BuiltinClassLoader.java:578)
	at java.base/java.lang.ClassLoader.loadClass(ClassLoader.java:490)
	at jdk.internal.jvmstat/sun.jvmstat.perfdata.monitor.protocol.local.MonitoredHostProvider.getMonitoredVm(MonitoredHostProvider.java:77)
	at jdk.internal.jvmstat/sun.jvmstat.perfdata.monitor.protocol.local.MonitoredHostProvider.getMonitoredVm(MonitoredHostProvider.java:67)
	at jdk.attach/sun.tools.attach.HotSpotAttachProvider.testAttachable(HotSpotAttachProvider.java:118)
	at jdk.attach/sun.tools.attach.AttachProviderImpl.attachVirtualMachine(AttachProviderImpl.java:54)
	at jdk.attach/com.sun.tools.attach.VirtualMachine.attach(VirtualMachine.java:201)
	at java.base/jdk.internal.reflect.DirectMethodHandleAccessor.invoke(DirectMethodHandleAccessor.java:104)
	at java.base/java.lang.reflect.Method.invoke(Method.java:565)
	at com.code_intelligence.jazzer.third_party.net.bytebuddy.agent.Attacher.install(Attacher.java:102)
	at com.code_intelligence.jazzer.third_party.net.bytebuddy.agent.ByteBuddyAgent.install(ByteBuddyAgent.java:601)
	at com.code_intelligence.jazzer.third_party.net.bytebuddy.agent.ByteBuddyAgent.install(ByteBuddyAgent.java:579)
	at com.code_intelligence.jazzer.third_party.net.bytebuddy.agent.ByteBuddyAgent.install(ByteBuddyAgent.java:531)
	at com.code_intelligence.jazzer.third_party.net.bytebuddy.agent.ByteBuddyAgent.install(ByteBuddyAgent.java:508)
	at com.code_intelligence.jazzer.agent.AgentInstaller.install(AgentInstaller.java:46)
	at com.code_intelligence.jazzer.driver.Driver.start(Driver.java:179)
	at com.code_intelligence.jazzer.Jazzer.start(Jazzer.java:118)
	at com.code_intelligence.jazzer.Jazzer.main(Jazzer.java:71)
Caused by: java.io.IOException: Error while instrumenting sun/jvmstat/perfdata/monitor/protocol/local/PerfDataBuffer.
	at org.jacoco.agent.rt.internal_3570298.core.instr.Instrumenter.instrumentError(Instrumenter.java:160)
	at org.jacoco.agent.rt.internal_3570298.core.instr.Instrumenter.instrument(Instrumenter.java:110)
	at org.jacoco.agent.rt.internal_3570298.CoverageTransformer.transform(CoverageTransformer.java:92)
	... 27 more
Caused by: java.lang.IllegalArgumentException: Unsupported class file major version 69
	at org.jacoco.agent.rt.internal_3570298.asm.ClassReader.<init>(ClassReader.java:196)
	at org.jacoco.agent.rt.internal_3570298.asm.ClassReader.<init>(ClassReader.java:177)
	at org.jacoco.agent.rt.internal_3570298.asm.ClassReader.<init>(ClassReader.java:163)
	at org.jacoco.agent.rt.internal_3570298.core.internal.instr.InstrSupport.classReaderFor(InstrSupport.java:280)
	at org.jacoco.agent.rt.internal_3570298.core.instr.Instrumenter.instrument(Instrumenter.java:76)
	at org.jacoco.agent.rt.internal_3570298.core.instr.Instrumenter.instrument(Instrumenter.java:108)
	... 28 more
java.lang.instrument.IllegalClassFormatException: Error while instrumenting sun/jvmstat/perfdata/monitor/protocol/local/LocalMonitoredVm$NotifierTask.
	at org.jacoco.agent.rt.internal_3570298.CoverageTransformer.transform(CoverageTransformer.java:94)
	at java.instrument/java.lang.instrument.ClassFileTransformer.transform(ClassFileTransformer.java:257)
	at java.instrument/sun.instrument.TransformerManager.transform(TransformerManager.java:188)
	at java.instrument/sun.instrument.InstrumentationImpl.transform(InstrumentationImpl.java:594)
	at java.base/java.lang.ClassLoader.defineClass2(Native Method)
	at java.base/java.lang.ClassLoader.defineClass(ClassLoader.java:1052)
	at java.base/java.security.SecureClassLoader.defineClass(SecureClassLoader.java:176)
	at java.base/jdk.internal.loader.BuiltinClassLoader.defineClass(BuiltinClassLoader.java:735)
	at java.base/jdk.internal.loader.BuiltinClassLoader.findClassInModuleOrNull(BuiltinClassLoader.java:678)
	at java.base/jdk.internal.loader.BuiltinClassLoader.loadClassOrNull(BuiltinClassLoader.java:604)
	at java.base/jdk.internal.loader.BuiltinClassLoader.loadClass(BuiltinClassLoader.java:578)
	at java.base/java.lang.ClassLoader.loadClass(ClassLoader.java:490)
	at jdk.internal.jvmstat/sun.jvmstat.perfdata.monitor.protocol.local.MonitoredHostProvider.getMonitoredVm(MonitoredHostProvider.java:77)
	at jdk.internal.jvmstat/sun.jvmstat.perfdata.monitor.protocol.local.MonitoredHostProvider.getMonitoredVm(MonitoredHostProvider.java:67)
	at jdk.attach/sun.tools.attach.HotSpotAttachProvider.testAttachable(HotSpotAttachProvider.java:118)
	at jdk.attach/sun.tools.attach.AttachProviderImpl.attachVirtualMachine(AttachProviderImpl.java:54)
	at jdk.attach/com.sun.tools.attach.VirtualMachine.attach(VirtualMachine.java:201)
	at java.base/jdk.internal.reflect.DirectMethodHandleAccessor.invoke(DirectMethodHandleAccessor.java:104)
	at java.base/java.lang.reflect.Method.invoke(Method.java:565)
	at com.code_intelligence.jazzer.third_party.net.bytebuddy.agent.Attacher.install(Attacher.java:102)
	at com.code_intelligence.jazzer.third_party.net.bytebuddy.agent.ByteBuddyAgent.install(ByteBuddyAgent.java:601)
	at com.code_intelligence.jazzer.third_party.net.bytebuddy.agent.ByteBuddyAgent.install(ByteBuddyAgent.java:579)
	at com.code_intelligence.jazzer.third_party.net.bytebuddy.agent.ByteBuddyAgent.install(ByteBuddyAgent.java:531)
	at com.code_intelligence.jazzer.third_party.net.bytebuddy.agent.ByteBuddyAgent.install(ByteBuddyAgent.java:508)
	at com.code_intelligence.jazzer.agent.AgentInstaller.install(AgentInstaller.java:46)
	at com.code_intelligence.jazzer.driver.Driver.start(Driver.java:179)
	at com.code_intelligence.jazzer.Jazzer.start(Jazzer.java:118)
	at com.code_intelligence.jazzer.Jazzer.main(Jazzer.java:71)
Caused by: java.io.IOException: Error while instrumenting sun/jvmstat/perfdata/monitor/protocol/local/LocalMonitoredVm$NotifierTask.
	at org.jacoco.agent.rt.internal_3570298.core.instr.Instrumenter.instrumentError(Instrumenter.java:160)
	at org.jacoco.agent.rt.internal_3570298.core.instr.Instrumenter.instrument(Instrumenter.java:110)
	at org.jacoco.agent.rt.internal_3570298.CoverageTransformer.transform(CoverageTransformer.java:92)
	... 27 more
Caused by: java.lang.IllegalArgumentException: Unsupported class file major version 69
	at org.jacoco.agent.rt.internal_3570298.asm.ClassReader.<init>(ClassReader.java:196)
	at org.jacoco.agent.rt.internal_3570298.asm.ClassReader.<init>(ClassReader.java:177)
	at org.jacoco.agent.rt.internal_3570298.asm.ClassReader.<init>(ClassReader.java:163)
	at org.jacoco.agent.rt.internal_3570298.core.internal.instr.InstrSupport.classReaderFor(InstrSupport.java:280)
	at org.jacoco.agent.rt.internal_3570298.core.instr.Instrumenter.instrument(Instrumenter.java:76)
	at org.jacoco.agent.rt.internal_3570298.core.instr.Instrumenter.instrument(Instrumenter.java:108)
	... 28 more
java.lang.instrument.IllegalClassFormatException: Error while instrumenting sun/jvmstat/perfdata/monitor/AbstractPerfDataBufferPrologue.
	at org.jacoco.agent.rt.internal_3570298.CoverageTransformer.transform(CoverageTransformer.java:94)
	at java.instrument/java.lang.instrument.ClassFileTransformer.transform(ClassFileTransformer.java:257)
	at java.instrument/sun.instrument.TransformerManager.transform(TransformerManager.java:188)
	at java.instrument/sun.instrument.InstrumentationImpl.transform(InstrumentationImpl.java:594)
	at java.base/java.lang.ClassLoader.defineClass2(Native Method)
	at java.base/java.lang.ClassLoader.defineClass(ClassLoader.java:1052)
	at java.base/java.security.SecureClassLoader.defineClass(SecureClassLoader.java:176)
	at java.base/jdk.internal.loader.BuiltinClassLoader.defineClass(BuiltinClassLoader.java:735)
	at java.base/jdk.internal.loader.BuiltinClassLoader.findClassInModuleOrNull(BuiltinClassLoader.java:678)
	at java.base/jdk.internal.loader.BuiltinClassLoader.loadClassOrNull(BuiltinClassLoader.java:604)
	at java.base/jdk.internal.loader.BuiltinClassLoader.loadClass(BuiltinClassLoader.java:578)
	at java.base/java.lang.ClassLoader.loadClass(ClassLoader.java:490)
	at jdk.internal.jvmstat/sun.jvmstat.perfdata.monitor.AbstractPerfDataBuffer.createPerfDataBuffer(AbstractPerfDataBuffer.java:162)
	at jdk.internal.jvmstat/sun.jvmstat.perfdata.monitor.protocol.local.PerfDataBuffer.<init>(PerfDataBuffer.java:58)
	at jdk.internal.jvmstat/sun.jvmstat.perfdata.monitor.protocol.local.LocalMonitoredVm.<init>(LocalMonitoredVm.java:66)
	at jdk.internal.jvmstat/sun.jvmstat.perfdata.monitor.protocol.local.MonitoredHostProvider.getMonitoredVm(MonitoredHostProvider.java:77)
	at jdk.internal.jvmstat/sun.jvmstat.perfdata.monitor.protocol.local.MonitoredHostProvider.getMonitoredVm(MonitoredHostProvider.java:67)
	at jdk.attach/sun.tools.attach.HotSpotAttachProvider.testAttachable(HotSpotAttachProvider.java:118)
	at jdk.attach/sun.tools.attach.AttachProviderImpl.attachVirtualMachine(AttachProviderImpl.java:54)
	at jdk.attach/com.sun.tools.attach.VirtualMachine.attach(VirtualMachine.java:201)
	at java.base/jdk.internal.reflect.DirectMethodHandleAccessor.invoke(DirectMethodHandleAccessor.java:104)
	at java.base/java.lang.reflect.Method.invoke(Method.java:565)
	at com.code_intelligence.jazzer.third_party.net.bytebuddy.agent.Attacher.install(Attacher.java:102)
	at com.code_intelligence.jazzer.third_party.net.bytebuddy.agent.ByteBuddyAgent.install(ByteBuddyAgent.java:601)
	at com.code_intelligence.jazzer.third_party.net.bytebuddy.agent.ByteBuddyAgent.install(ByteBuddyAgent.java:579)
	at com.code_intelligence.jazzer.third_party.net.bytebuddy.agent.ByteBuddyAgent.install(ByteBuddyAgent.java:531)
	at com.code_intelligence.jazzer.third_party.net.bytebuddy.agent.ByteBuddyAgent.install(ByteBuddyAgent.java:508)
	at com.code_intelligence.jazzer.agent.AgentInstaller.install(AgentInstaller.java:46)
	at com.code_intelligence.jazzer.driver.Driver.start(Driver.java:179)
	at com.code_intelligence.jazzer.Jazzer.start(Jazzer.java:118)
	at com.code_intelligence.jazzer.Jazzer.main(Jazzer.java:71)
Caused by: java.io.IOException: Error while instrumenting sun/jvmstat/perfdata/monitor/AbstractPerfDataBufferPrologue.
	at org.jacoco.agent.rt.internal_3570298.core.instr.Instrumenter.instrumentError(Instrumenter.java:160)
	at org.jacoco.agent.rt.internal_3570298.core.instr.Instrumenter.instrument(Instrumenter.java:110)
	at org.jacoco.agent.rt.internal_3570298.CoverageTransformer.transform(CoverageTransformer.java:92)
	... 30 more
Caused by: java.lang.IllegalArgumentException: Unsupported class file major version 69
	at org.jacoco.agent.rt.internal_3570298.asm.ClassReader.<init>(ClassReader.java:196)
	at org.jacoco.agent.rt.internal_3570298.asm.ClassReader.<init>(ClassReader.java:177)
	at org.jacoco.agent.rt.internal_3570298.asm.ClassReader.<init>(ClassReader.java:163)
	at org.jacoco.agent.rt.internal_3570298.core.internal.instr.InstrSupport.classReaderFor(InstrSupport.java:280)
	at org.jacoco.agent.rt.internal_3570298.core.instr.Instrumenter.instrument(Instrumenter.java:76)
	at org.jacoco.agent.rt.internal_3570298.core.instr.Instrumenter.instrument(Instrumenter.java:108)
	... 31 more
java.lang.instrument.IllegalClassFormatException: Error while instrumenting sun/jvmstat/perfdata/monitor/MonitorVersionException.
	at org.jacoco.agent.rt.internal_3570298.CoverageTransformer.transform(CoverageTransformer.java:94)
	at java.instrument/java.lang.instrument.ClassFileTransformer.transform(ClassFileTransformer.java:257)
	at java.instrument/sun.instrument.TransformerManager.transform(TransformerManager.java:188)
	at java.instrument/sun.instrument.InstrumentationImpl.transform(InstrumentationImpl.java:594)
	at java.base/java.lang.ClassLoader.defineClass2(Native Method)
	at java.base/java.lang.ClassLoader.defineClass(ClassLoader.java:1052)
	at java.base/java.security.SecureClassLoader.defineClass(SecureClassLoader.java:176)
	at java.base/jdk.internal.loader.BuiltinClassLoader.defineClass(BuiltinClassLoader.java:735)
	at java.base/jdk.internal.loader.BuiltinClassLoader.findClassInModuleOrNull(BuiltinClassLoader.java:678)
	at java.base/jdk.internal.loader.BuiltinClassLoader.loadClassOrNull(BuiltinClassLoader.java:604)
	at java.base/jdk.internal.loader.BuiltinClassLoader.loadClass(BuiltinClassLoader.java:578)
	at java.base/java.lang.ClassLoader.loadClass(ClassLoader.java:490)
	at jdk.internal.jvmstat/sun.jvmstat.perfdata.monitor.AbstractPerfDataBuffer.createPerfDataBuffer(AbstractPerfDataBuffer.java:162)
	at jdk.internal.jvmstat/sun.jvmstat.perfdata.monitor.protocol.local.PerfDataBuffer.<init>(PerfDataBuffer.java:58)
	at jdk.internal.jvmstat/sun.jvmstat.perfdata.monitor.protocol.local.LocalMonitoredVm.<init>(LocalMonitoredVm.java:66)
	at jdk.internal.jvmstat/sun.jvmstat.perfdata.monitor.protocol.local.MonitoredHostProvider.getMonitoredVm(MonitoredHostProvider.java:77)
	at jdk.internal.jvmstat/sun.jvmstat.perfdata.monitor.protocol.local.MonitoredHostProvider.getMonitoredVm(MonitoredHostProvider.java:67)
	at jdk.attach/sun.tools.attach.HotSpotAttachProvider.testAttachable(HotSpotAttachProvider.java:118)
	at jdk.attach/sun.tools.attach.AttachProviderImpl.attachVirtualMachine(AttachProviderImpl.java:54)
	at jdk.attach/com.sun.tools.attach.VirtualMachine.attach(VirtualMachine.java:201)
	at java.base/jdk.internal.reflect.DirectMethodHandleAccessor.invoke(DirectMethodHandleAccessor.java:104)
	at java.base/java.lang.reflect.Method.invoke(Method.java:565)
	at com.code_intelligence.jazzer.third_party.net.bytebuddy.agent.Attacher.install(Attacher.java:102)
	at com.code_intelligence.jazzer.third_party.net.bytebuddy.agent.ByteBuddyAgent.install(ByteBuddyAgent.java:601)
	at com.code_intelligence.jazzer.third_party.net.bytebuddy.agent.ByteBuddyAgent.install(ByteBuddyAgent.java:579)
	at com.code_intelligence.jazzer.third_party.net.bytebuddy.agent.ByteBuddyAgent.install(ByteBuddyAgent.java:531)
	at com.code_intelligence.jazzer.third_party.net.bytebuddy.agent.ByteBuddyAgent.install(ByteBuddyAgent.java:508)
	at com.code_intelligence.jazzer.agent.AgentInstaller.install(AgentInstaller.java:46)
	at com.code_intelligence.jazzer.driver.Driver.start(Driver.java:179)
	at com.code_intelligence.jazzer.Jazzer.start(Jazzer.java:118)
	at com.code_intelligence.jazzer.Jazzer.main(Jazzer.java:71)
Caused by: java.io.IOException: Error while instrumenting sun/jvmstat/perfdata/monitor/MonitorVersionException.
	at org.jacoco.agent.rt.internal_3570298.core.instr.Instrumenter.instrumentError(Instrumenter.java:160)
	at org.jacoco.agent.rt.internal_3570298.core.instr.Instrumenter.instrument(Instrumenter.java:110)
	at org.jacoco.agent.rt.internal_3570298.CoverageTransformer.transform(CoverageTransformer.java:92)
	... 30 more
Caused by: java.lang.IllegalArgumentException: Unsupported class file major version 69
	at org.jacoco.agent.rt.internal_3570298.asm.ClassReader.<init>(ClassReader.java:196)
	at org.jacoco.agent.rt.internal_3570298.asm.ClassReader.<init>(ClassReader.java:177)
	at org.jacoco.agent.rt.internal_3570298.asm.ClassReader.<init>(ClassReader.java:163)
	at org.jacoco.agent.rt.internal_3570298.core.internal.instr.InstrSupport.classReaderFor(InstrSupport.java:280)
	at org.jacoco.agent.rt.internal_3570298.core.instr.Instrumenter.instrument(Instrumenter.java:76)
	at org.jacoco.agent.rt.internal_3570298.core.instr.Instrumenter.instrument(Instrumenter.java:108)
	... 31 more
java.lang.instrument.IllegalClassFormatException: Error while instrumenting sun/jvmstat/perfdata/monitor/v2_0/PerfDataBuffer.
	at org.jacoco.agent.rt.internal_3570298.CoverageTransformer.transform(CoverageTransformer.java:94)
	at java.instrument/java.lang.instrument.ClassFileTransformer.transform(ClassFileTransformer.java:257)
	at java.instrument/sun.instrument.TransformerManager.transform(TransformerManager.java:188)
	at java.instrument/sun.instrument.InstrumentationImpl.transform(InstrumentationImpl.java:594)
	at java.base/java.lang.ClassLoader.defineClass2(Native Method)
	at java.base/java.lang.ClassLoader.defineClass(ClassLoader.java:1052)
	at java.base/java.security.SecureClassLoader.defineClass(SecureClassLoader.java:176)
	at java.base/jdk.internal.loader.BuiltinClassLoader.defineClass(BuiltinClassLoader.java:735)
	at java.base/jdk.internal.loader.BuiltinClassLoader.findClassInModuleOrNull(BuiltinClassLoader.java:678)
	at java.base/jdk.internal.loader.BuiltinClassLoader.loadClassOrNull(BuiltinClassLoader.java:604)
	at java.base/jdk.internal.loader.BuiltinClassLoader.loadClass(BuiltinClassLoader.java:578)
	at java.base/java.lang.ClassLoader.loadClass(ClassLoader.java:490)
	at java.base/java.lang.Class.forName0(Native Method)
	at java.base/java.lang.Class.forName(Class.java:467)
	at java.base/java.lang.Class.forName(Class.java:458)
	at jdk.internal.jvmstat/sun.jvmstat.perfdata.monitor.AbstractPerfDataBuffer.createPerfDataBuffer(AbstractPerfDataBuffer.java:171)
	at jdk.internal.jvmstat/sun.jvmstat.perfdata.monitor.protocol.local.PerfDataBuffer.<init>(PerfDataBuffer.java:58)
	at jdk.internal.jvmstat/sun.jvmstat.perfdata.monitor.protocol.local.LocalMonitoredVm.<init>(LocalMonitoredVm.java:66)
	at jdk.internal.jvmstat/sun.jvmstat.perfdata.monitor.protocol.local.MonitoredHostProvider.getMonitoredVm(MonitoredHostProvider.java:77)
	at jdk.internal.jvmstat/sun.jvmstat.perfdata.monitor.protocol.local.MonitoredHostProvider.getMonitoredVm(MonitoredHostProvider.java:67)
	at jdk.attach/sun.tools.attach.HotSpotAttachProvider.testAttachable(HotSpotAttachProvider.java:118)
	at jdk.attach/sun.tools.attach.AttachProviderImpl.attachVirtualMachine(AttachProviderImpl.java:54)
	at jdk.attach/com.sun.tools.attach.VirtualMachine.attach(VirtualMachine.java:201)
	at java.base/jdk.internal.reflect.DirectMethodHandleAccessor.invoke(DirectMethodHandleAccessor.java:104)
	at java.base/java.lang.reflect.Method.invoke(Method.java:565)
	at com.code_intelligence.jazzer.third_party.net.bytebuddy.agent.Attacher.install(Attacher.java:102)
	at com.code_intelligence.jazzer.third_party.net.bytebuddy.agent.ByteBuddyAgent.install(ByteBuddyAgent.java:601)
	at com.code_intelligence.jazzer.third_party.net.bytebuddy.agent.ByteBuddyAgent.install(ByteBuddyAgent.java:579)
	at com.code_intelligence.jazzer.third_party.net.bytebuddy.agent.ByteBuddyAgent.install(ByteBuddyAgent.java:531)
	at com.code_intelligence.jazzer.third_party.net.bytebuddy.agent.ByteBuddyAgent.install(ByteBuddyAgent.java:508)
	at com.code_intelligence.jazzer.agent.AgentInstaller.install(AgentInstaller.java:46)
	at com.code_intelligence.jazzer.driver.Driver.start(Driver.java:179)
	at com.code_intelligence.jazzer.Jazzer.start(Jazzer.java:118)
	at com.code_intelligence.jazzer.Jazzer.main(Jazzer.java:71)
Caused by: java.io.IOException: Error while instrumenting sun/jvmstat/perfdata/monitor/v2_0/PerfDataBuffer.
	at org.jacoco.agent.rt.internal_3570298.core.instr.Instrumenter.instrumentError(Instrumenter.java:160)
	at org.jacoco.agent.rt.internal_3570298.core.instr.Instrumenter.instrument(Instrumenter.java:110)
	at org.jacoco.agent.rt.internal_3570298.CoverageTransformer.transform(CoverageTransformer.java:92)
	... 33 more
Caused by: java.lang.IllegalArgumentException: Unsupported class file major version 69
	at org.jacoco.agent.rt.internal_3570298.asm.ClassReader.<init>(ClassReader.java:196)
	at org.jacoco.agent.rt.internal_3570298.asm.ClassReader.<init>(ClassReader.java:177)
	at org.jacoco.agent.rt.internal_3570298.asm.ClassReader.<init>(ClassReader.java:163)
	at org.jacoco.agent.rt.internal_3570298.core.internal.instr.InstrSupport.classReaderFor(InstrSupport.java:280)
	at org.jacoco.agent.rt.internal_3570298.core.instr.Instrumenter.instrument(Instrumenter.java:76)
	at org.jacoco.agent.rt.internal_3570298.core.instr.Instrumenter.instrument(Instrumenter.java:108)
	... 34 more
java.lang.instrument.IllegalClassFormatException: Error while instrumenting sun/jvmstat/perfdata/monitor/PerfDataBufferImpl.
	at org.jacoco.agent.rt.internal_3570298.CoverageTransformer.transform(CoverageTransformer.java:94)
	at java.instrument/java.lang.instrument.ClassFileTransformer.transform(ClassFileTransformer.java:257)
	at java.instrument/sun.instrument.TransformerManager.transform(TransformerManager.java:188)
	at java.instrument/sun.instrument.InstrumentationImpl.transform(InstrumentationImpl.java:594)
	at java.base/java.lang.ClassLoader.defineClass2(Native Method)
	at java.base/java.lang.ClassLoader.defineClass(ClassLoader.java:1052)
	at java.base/java.security.SecureClassLoader.defineClass(SecureClassLoader.java:176)
	at java.base/jdk.internal.loader.BuiltinClassLoader.defineClass(BuiltinClassLoader.java:735)
	at java.base/jdk.internal.loader.BuiltinClassLoader.findClassInModuleOrNull(BuiltinClassLoader.java:678)
	at java.base/jdk.internal.loader.BuiltinClassLoader.loadClassOrNull(BuiltinClassLoader.java:604)
	at java.base/jdk.internal.loader.BuiltinClassLoader.loadClass(BuiltinClassLoader.java:578)
	at java.base/java.lang.ClassLoader.loadClass(ClassLoader.java:490)
	at java.base/java.lang.ClassLoader.defineClass2(Native Method)
	at java.base/java.lang.ClassLoader.defineClass(ClassLoader.java:1052)
	at java.base/java.security.SecureClassLoader.defineClass(SecureClassLoader.java:176)
	at java.base/jdk.internal.loader.BuiltinClassLoader.defineClass(BuiltinClassLoader.java:735)
	at java.base/jdk.internal.loader.BuiltinClassLoader.findClassInModuleOrNull(BuiltinClassLoader.java:678)
	at java.base/jdk.internal.loader.BuiltinClassLoader.loadClassOrNull(BuiltinClassLoader.java:604)
	at java.base/jdk.internal.loader.BuiltinClassLoader.loadClass(BuiltinClassLoader.java:578)
	at java.base/java.lang.ClassLoader.loadClass(ClassLoader.java:490)
	at java.base/java.lang.Class.forName0(Native Method)
	at java.base/java.lang.Class.forName(Class.java:467)
	at java.base/java.lang.Class.forName(Class.java:458)
	at jdk.internal.jvmstat/sun.jvmstat.perfdata.monitor.AbstractPerfDataBuffer.createPerfDataBuffer(AbstractPerfDataBuffer.java:171)
	at jdk.internal.jvmstat/sun.jvmstat.perfdata.monitor.protocol.local.PerfDataBuffer.<init>(PerfDataBuffer.java:58)
	at jdk.internal.jvmstat/sun.jvmstat.perfdata.monitor.protocol.local.LocalMonitoredVm.<init>(LocalMonitoredVm.java:66)
	at jdk.internal.jvmstat/sun.jvmstat.perfdata.monitor.protocol.local.MonitoredHostProvider.getMonitoredVm(MonitoredHostProvider.java:77)
	at jdk.internal.jvmstat/sun.jvmstat.perfdata.monitor.protocol.local.MonitoredHostProvider.getMonitoredVm(MonitoredHostProvider.java:67)
	at jdk.attach/sun.tools.attach.HotSpotAttachProvider.testAttachable(HotSpotAttachProvider.java:118)
	at jdk.attach/sun.tools.attach.AttachProviderImpl.attachVirtualMachine(AttachProviderImpl.java:54)
	at jdk.attach/com.sun.tools.attach.VirtualMachine.attach(VirtualMachine.java:201)
	at java.base/jdk.internal.reflect.DirectMethodHandleAccessor.invoke(DirectMethodHandleAccessor.java:104)
	at java.base/java.lang.reflect.Method.invoke(Method.java:565)
	at com.code_intelligence.jazzer.third_party.net.bytebuddy.agent.Attacher.install(Attacher.java:102)
	at com.code_intelligence.jazzer.third_party.net.bytebuddy.agent.ByteBuddyAgent.install(ByteBuddyAgent.java:601)
	at com.code_intelligence.jazzer.third_party.net.bytebuddy.agent.ByteBuddyAgent.install(ByteBuddyAgent.java:579)
	at com.code_intelligence.jazzer.third_party.net.bytebuddy.agent.ByteBuddyAgent.install(ByteBuddyAgent.java:531)
	at com.code_intelligence.jazzer.third_party.net.bytebuddy.agent.ByteBuddyAgent.install(ByteBuddyAgent.java:508)
	at com.code_intelligence.jazzer.agent.AgentInstaller.install(AgentInstaller.java:46)
	at com.code_intelligence.jazzer.driver.Driver.start(Driver.java:179)
	at com.code_intelligence.jazzer.Jazzer.start(Jazzer.java:118)
	at com.code_intelligence.jazzer.Jazzer.main(Jazzer.java:71)
Caused by: java.io.IOException: Error while instrumenting sun/jvmstat/perfdata/monitor/PerfDataBufferImpl.
	at org.jacoco.agent.rt.internal_3570298.core.instr.Instrumenter.instrumentError(Instrumenter.java:160)
	at org.jacoco.agent.rt.internal_3570298.core.instr.Instrumenter.instrument(Instrumenter.java:110)
	at org.jacoco.agent.rt.internal_3570298.CoverageTransformer.transform(CoverageTransformer.java:92)
	... 41 more
Caused by: java.lang.IllegalArgumentException: Unsupported class file major version 69
	at org.jacoco.agent.rt.internal_3570298.asm.ClassReader.<init>(ClassReader.java:196)
	at org.jacoco.agent.rt.internal_3570298.asm.ClassReader.<init>(ClassReader.java:177)
	at org.jacoco.agent.rt.internal_3570298.asm.ClassReader.<init>(ClassReader.java:163)
	at org.jacoco.agent.rt.internal_3570298.core.internal.instr.InstrSupport.classReaderFor(InstrSupport.java:280)
	at org.jacoco.agent.rt.internal_3570298.core.instr.Instrumenter.instrument(Instrumenter.java:76)
	at org.jacoco.agent.rt.internal_3570298.core.instr.Instrumenter.instrument(Instrumenter.java:108)
	... 42 more
java.lang.instrument.IllegalClassFormatException: Error while instrumenting sun/jvmstat/perfdata/monitor/SyntaxException.
	at org.jacoco.agent.rt.internal_3570298.CoverageTransformer.transform(CoverageTransformer.java:94)
	at java.instrument/java.lang.instrument.ClassFileTransformer.transform(ClassFileTransformer.java:257)
	at java.instrument/sun.instrument.TransformerManager.transform(TransformerManager.java:188)
	at java.instrument/sun.instrument.InstrumentationImpl.transform(InstrumentationImpl.java:594)
	at java.base/java.lang.ClassLoader.defineClass2(Native Method)
	at java.base/java.lang.ClassLoader.defineClass(ClassLoader.java:1052)
	at java.base/java.security.SecureClassLoader.defineClass(SecureClassLoader.java:176)
	at java.base/jdk.internal.loader.BuiltinClassLoader.defineClass(BuiltinClassLoader.java:735)
	at java.base/jdk.internal.loader.BuiltinClassLoader.findClassInModuleOrNull(BuiltinClassLoader.java:678)
	at java.base/jdk.internal.loader.BuiltinClassLoader.loadClassOrNull(BuiltinClassLoader.java:604)
	at java.base/jdk.internal.loader.BuiltinClassLoader.loadClass(BuiltinClassLoader.java:578)
	at java.base/java.lang.ClassLoader.loadClass(ClassLoader.java:490)
	at java.base/java.lang.Class.forName0(Native Method)
	at java.base/java.lang.Class.forName(Class.java:467)
	at java.base/java.lang.Class.forName(Class.java:458)
	at jdk.internal.jvmstat/sun.jvmstat.perfdata.monitor.AbstractPerfDataBuffer.createPerfDataBuffer(AbstractPerfDataBuffer.java:171)
	at jdk.internal.jvmstat/sun.jvmstat.perfdata.monitor.protocol.local.PerfDataBuffer.<init>(PerfDataBuffer.java:58)
	at jdk.internal.jvmstat/sun.jvmstat.perfdata.monitor.protocol.local.LocalMonitoredVm.<init>(LocalMonitoredVm.java:66)
	at jdk.internal.jvmstat/sun.jvmstat.perfdata.monitor.protocol.local.MonitoredHostProvider.getMonitoredVm(MonitoredHostProvider.java:77)
	at jdk.internal.jvmstat/sun.jvmstat.perfdata.monitor.protocol.local.MonitoredHostProvider.getMonitoredVm(MonitoredHostProvider.java:67)
	at jdk.attach/sun.tools.attach.HotSpotAttachProvider.testAttachable(HotSpotAttachProvider.java:118)
	at jdk.attach/sun.tools.attach.AttachProviderImpl.attachVirtualMachine(AttachProviderImpl.java:54)
	at jdk.attach/com.sun.tools.attach.VirtualMachine.attach(VirtualMachine.java:201)
	at java.base/jdk.internal.reflect.DirectMethodHandleAccessor.invoke(DirectMethodHandleAccessor.java:104)
	at java.base/java.lang.reflect.Method.invoke(Method.java:565)
	at com.code_intelligence.jazzer.third_party.net.bytebuddy.agent.Attacher.install(Attacher.java:102)
	at com.code_intelligence.jazzer.third_party.net.bytebuddy.agent.ByteBuddyAgent.install(ByteBuddyAgent.java:601)
	at com.code_intelligence.jazzer.third_party.net.bytebuddy.agent.ByteBuddyAgent.install(ByteBuddyAgent.java:579)
	at com.code_intelligence.jazzer.third_party.net.bytebuddy.agent.ByteBuddyAgent.install(ByteBuddyAgent.java:531)
	at com.code_intelligence.jazzer.third_party.net.bytebuddy.agent.ByteBuddyAgent.install(ByteBuddyAgent.java:508)
	at com.code_intelligence.jazzer.agent.AgentInstaller.install(AgentInstaller.java:46)
	at com.code_intelligence.jazzer.driver.Driver.start(Driver.java:179)
	at com.code_intelligence.jazzer.Jazzer.start(Jazzer.java:118)
	at com.code_intelligence.jazzer.Jazzer.main(Jazzer.java:71)
Caused by: java.io.IOException: Error while instrumenting sun/jvmstat/perfdata/monitor/SyntaxException.
	at org.jacoco.agent.rt.internal_3570298.core.instr.Instrumenter.instrumentError(Instrumenter.java:160)
	at org.jacoco.agent.rt.internal_3570298.core.instr.Instrumenter.instrument(Instrumenter.java:110)
	at org.jacoco.agent.rt.internal_3570298.CoverageTransformer.transform(CoverageTransformer.java:92)
	... 33 more
Caused by: java.lang.IllegalArgumentException: Unsupported class file major version 69
	at org.jacoco.agent.rt.internal_3570298.asm.ClassReader.<init>(ClassReader.java:196)
	at org.jacoco.agent.rt.internal_3570298.asm.ClassReader.<init>(ClassReader.java:177)
	at org.jacoco.agent.rt.internal_3570298.asm.ClassReader.<init>(ClassReader.java:163)
	at org.jacoco.agent.rt.internal_3570298.core.internal.instr.InstrSupport.classReaderFor(InstrSupport.java:280)
	at org.jacoco.agent.rt.internal_3570298.core.instr.Instrumenter.instrument(Instrumenter.java:76)
	at org.jacoco.agent.rt.internal_3570298.core.instr.Instrumenter.instrument(Instrumenter.java:108)
	... 34 more
java.lang.instrument.IllegalClassFormatException: Error while instrumenting sun/jvmstat/perfdata/monitor/MonitorStructureException.
	at org.jacoco.agent.rt.internal_3570298.CoverageTransformer.transform(CoverageTransformer.java:94)
	at java.instrument/java.lang.instrument.ClassFileTransformer.transform(ClassFileTransformer.java:257)
	at java.instrument/sun.instrument.TransformerManager.transform(TransformerManager.java:188)
	at java.instrument/sun.instrument.InstrumentationImpl.transform(InstrumentationImpl.java:594)
	at java.base/java.lang.ClassLoader.defineClass2(Native Method)
	at java.base/java.lang.ClassLoader.defineClass(ClassLoader.java:1052)
	at java.base/java.security.SecureClassLoader.defineClass(SecureClassLoader.java:176)
	at java.base/jdk.internal.loader.BuiltinClassLoader.defineClass(BuiltinClassLoader.java:735)
	at java.base/jdk.internal.loader.BuiltinClassLoader.findClassInModuleOrNull(BuiltinClassLoader.java:678)
	at java.base/jdk.internal.loader.BuiltinClassLoader.loadClassOrNull(BuiltinClassLoader.java:604)
	at java.base/jdk.internal.loader.BuiltinClassLoader.loadClass(BuiltinClassLoader.java:578)
	at java.base/java.lang.ClassLoader.loadClass(ClassLoader.java:490)
	at java.base/java.lang.Class.forName0(Native Method)
	at java.base/java.lang.Class.forName(Class.java:467)
	at java.base/java.lang.Class.forName(Class.java:458)
	at jdk.internal.jvmstat/sun.jvmstat.perfdata.monitor.AbstractPerfDataBuffer.createPerfDataBuffer(AbstractPerfDataBuffer.java:171)
	at jdk.internal.jvmstat/sun.jvmstat.perfdata.monitor.protocol.local.PerfDataBuffer.<init>(PerfDataBuffer.java:58)
	at jdk.internal.jvmstat/sun.jvmstat.perfdata.monitor.protocol.local.LocalMonitoredVm.<init>(LocalMonitoredVm.java:66)
	at jdk.internal.jvmstat/sun.jvmstat.perfdata.monitor.protocol.local.MonitoredHostProvider.getMonitoredVm(MonitoredHostProvider.java:77)
	at jdk.internal.jvmstat/sun.jvmstat.perfdata.monitor.protocol.local.MonitoredHostProvider.getMonitoredVm(MonitoredHostProvider.java:67)
	at jdk.attach/sun.tools.attach.HotSpotAttachProvider.testAttachable(HotSpotAttachProvider.java:118)
	at jdk.attach/sun.tools.attach.AttachProviderImpl.attachVirtualMachine(AttachProviderImpl.java:54)
	at jdk.attach/com.sun.tools.attach.VirtualMachine.attach(VirtualMachine.java:201)
	at java.base/jdk.internal.reflect.DirectMethodHandleAccessor.invoke(DirectMethodHandleAccessor.java:104)
	at java.base/java.lang.reflect.Method.invoke(Method.java:565)
	at com.code_intelligence.jazzer.third_party.net.bytebuddy.agent.Attacher.install(Attacher.java:102)
	at com.code_intelligence.jazzer.third_party.net.bytebuddy.agent.ByteBuddyAgent.install(ByteBuddyAgent.java:601)
	at com.code_intelligence.jazzer.third_party.net.bytebuddy.agent.ByteBuddyAgent.install(ByteBuddyAgent.java:579)
	at com.code_intelligence.jazzer.third_party.net.bytebuddy.agent.ByteBuddyAgent.install(ByteBuddyAgent.java:531)
	at com.code_intelligence.jazzer.third_party.net.bytebuddy.agent.ByteBuddyAgent.install(ByteBuddyAgent.java:508)
	at com.code_intelligence.jazzer.agent.AgentInstaller.install(AgentInstaller.java:46)
	at com.code_intelligence.jazzer.driver.Driver.start(Driver.java:179)
	at com.code_intelligence.jazzer.Jazzer.start(Jazzer.java:118)
	at com.code_intelligence.jazzer.Jazzer.main(Jazzer.java:71)
Caused by: java.io.IOException: Error while instrumenting sun/jvmstat/perfdata/monitor/MonitorStructureException.
	at org.jacoco.agent.rt.internal_3570298.core.instr.Instrumenter.instrumentError(Instrumenter.java:160)
	at org.jacoco.agent.rt.internal_3570298.core.instr.Instrumenter.instrument(Instrumenter.java:110)
	at org.jacoco.agent.rt.internal_3570298.CoverageTransformer.transform(CoverageTransformer.java:92)
	... 33 more
Caused by: java.lang.IllegalArgumentException: Unsupported class file major version 69
	at org.jacoco.agent.rt.internal_3570298.asm.ClassReader.<init>(ClassReader.java:196)
	at org.jacoco.agent.rt.internal_3570298.asm.ClassReader.<init>(ClassReader.java:177)
	at org.jacoco.agent.rt.internal_3570298.asm.ClassReader.<init>(ClassReader.java:163)
	at org.jacoco.agent.rt.internal_3570298.core.internal.instr.InstrSupport.classReaderFor(InstrSupport.java:280)
	at org.jacoco.agent.rt.internal_3570298.core.instr.Instrumenter.instrument(Instrumenter.java:76)
	at org.jacoco.agent.rt.internal_3570298.core.instr.Instrumenter.instrument(Instrumenter.java:108)
	... 34 more
java.lang.instrument.IllegalClassFormatException: Error while instrumenting sun/jvmstat/perfdata/monitor/MonitorDataException.
	at org.jacoco.agent.rt.internal_3570298.CoverageTransformer.transform(CoverageTransformer.java:94)
	at java.instrument/java.lang.instrument.ClassFileTransformer.transform(ClassFileTransformer.java:257)
	at java.instrument/sun.instrument.TransformerManager.transform(TransformerManager.java:188)
	at java.instrument/sun.instrument.InstrumentationImpl.transform(InstrumentationImpl.java:594)
	at java.base/java.lang.ClassLoader.defineClass2(Native Method)
	at java.base/java.lang.ClassLoader.defineClass(ClassLoader.java:1052)
	at java.base/java.security.SecureClassLoader.defineClass(SecureClassLoader.java:176)
	at java.base/jdk.internal.loader.BuiltinClassLoader.defineClass(BuiltinClassLoader.java:735)
	at java.base/jdk.internal.loader.BuiltinClassLoader.findClassInModuleOrNull(BuiltinClassLoader.java:678)
	at java.base/jdk.internal.loader.BuiltinClassLoader.loadClassOrNull(BuiltinClassLoader.java:604)
	at java.base/jdk.internal.loader.BuiltinClassLoader.loadClass(BuiltinClassLoader.java:578)
	at java.base/java.lang.ClassLoader.loadClass(ClassLoader.java:490)
	at java.base/java.lang.Class.forName0(Native Method)
	at java.base/java.lang.Class.forName(Class.java:467)
	at java.base/java.lang.Class.forName(Class.java:458)
	at jdk.internal.jvmstat/sun.jvmstat.perfdata.monitor.AbstractPerfDataBuffer.createPerfDataBuffer(AbstractPerfDataBuffer.java:171)
	at jdk.internal.jvmstat/sun.jvmstat.perfdata.monitor.protocol.local.PerfDataBuffer.<init>(PerfDataBuffer.java:58)
	at jdk.internal.jvmstat/sun.jvmstat.perfdata.monitor.protocol.local.LocalMonitoredVm.<init>(LocalMonitoredVm.java:66)
	at jdk.internal.jvmstat/sun.jvmstat.perfdata.monitor.protocol.local.MonitoredHostProvider.getMonitoredVm(MonitoredHostProvider.java:77)
	at jdk.internal.jvmstat/sun.jvmstat.perfdata.monitor.protocol.local.MonitoredHostProvider.getMonitoredVm(MonitoredHostProvider.java:67)
	at jdk.attach/sun.tools.attach.HotSpotAttachProvider.testAttachable(HotSpotAttachProvider.java:118)
	at jdk.attach/sun.tools.attach.AttachProviderImpl.attachVirtualMachine(AttachProviderImpl.java:54)
	at jdk.attach/com.sun.tools.attach.VirtualMachine.attach(VirtualMachine.java:201)
	at java.base/jdk.internal.reflect.DirectMethodHandleAccessor.invoke(DirectMethodHandleAccessor.java:104)
	at java.base/java.lang.reflect.Method.invoke(Method.java:565)
	at com.code_intelligence.jazzer.third_party.net.bytebuddy.agent.Attacher.install(Attacher.java:102)
	at com.code_intelligence.jazzer.third_party.net.bytebuddy.agent.ByteBuddyAgent.install(ByteBuddyAgent.java:601)
	at com.code_intelligence.jazzer.third_party.net.bytebuddy.agent.ByteBuddyAgent.install(ByteBuddyAgent.java:579)
	at com.code_intelligence.jazzer.third_party.net.bytebuddy.agent.ByteBuddyAgent.install(ByteBuddyAgent.java:531)
	at com.code_intelligence.jazzer.third_party.net.bytebuddy.agent.ByteBuddyAgent.install(ByteBuddyAgent.java:508)
	at com.code_intelligence.jazzer.agent.AgentInstaller.install(AgentInstaller.java:46)
	at com.code_intelligence.jazzer.driver.Driver.start(Driver.java:179)
	at com.code_intelligence.jazzer.Jazzer.start(Jazzer.java:118)
	at com.code_intelligence.jazzer.Jazzer.main(Jazzer.java:71)
Caused by: java.io.IOException: Error while instrumenting sun/jvmstat/perfdata/monitor/MonitorDataException.
	at org.jacoco.agent.rt.internal_3570298.core.instr.Instrumenter.instrumentError(Instrumenter.java:160)
	at org.jacoco.agent.rt.internal_3570298.core.instr.Instrumenter.instrument(Instrumenter.java:110)
	at org.jacoco.agent.rt.internal_3570298.CoverageTransformer.transform(CoverageTransformer.java:92)
	... 33 more
Caused by: java.lang.IllegalArgumentException: Unsupported class file major version 69
	at org.jacoco.agent.rt.internal_3570298.asm.ClassReader.<init>(ClassReader.java:196)
	at org.jacoco.agent.rt.internal_3570298.asm.ClassReader.<init>(ClassReader.java:177)
	at org.jacoco.agent.rt.internal_3570298.asm.ClassReader.<init>(ClassReader.java:163)
	at org.jacoco.agent.rt.internal_3570298.core.internal.instr.InstrSupport.classReaderFor(InstrSupport.java:280)
	at org.jacoco.agent.rt.internal_3570298.core.instr.Instrumenter.instrument(Instrumenter.java:76)
	at org.jacoco.agent.rt.internal_3570298.core.instr.Instrumenter.instrument(Instrumenter.java:108)
	... 34 more
java.lang.instrument.IllegalClassFormatException: Error while instrumenting sun/jvmstat/monitor/Monitor.
	at org.jacoco.agent.rt.internal_3570298.CoverageTransformer.transform(CoverageTransformer.java:94)
	at java.instrument/java.lang.instrument.ClassFileTransformer.transform(ClassFileTransformer.java:257)
	at java.instrument/sun.instrument.TransformerManager.transform(TransformerManager.java:188)
	at java.instrument/sun.instrument.InstrumentationImpl.transform(InstrumentationImpl.java:594)
	at java.base/java.lang.ClassLoader.defineClass2(Native Method)
	at java.base/java.lang.ClassLoader.defineClass(ClassLoader.java:1052)
	at java.base/java.security.SecureClassLoader.defineClass(SecureClassLoader.java:176)
	at java.base/jdk.internal.loader.BuiltinClassLoader.defineClass(BuiltinClassLoader.java:735)
	at java.base/jdk.internal.loader.BuiltinClassLoader.findClassInModuleOrNull(BuiltinClassLoader.java:678)
	at java.base/jdk.internal.loader.BuiltinClassLoader.loadClassOrNull(BuiltinClassLoader.java:604)
	at java.base/jdk.internal.loader.BuiltinClassLoader.loadClass(BuiltinClassLoader.java:578)
	at java.base/java.lang.ClassLoader.loadClass(ClassLoader.java:490)
	at java.base/java.lang.Class.forName0(Native Method)
	at java.base/java.lang.Class.forName(Class.java:467)
	at java.base/java.lang.Class.forName(Class.java:458)
	at jdk.internal.jvmstat/sun.jvmstat.perfdata.monitor.AbstractPerfDataBuffer.createPerfDataBuffer(AbstractPerfDataBuffer.java:171)
	at jdk.internal.jvmstat/sun.jvmstat.perfdata.monitor.protocol.local.PerfDataBuffer.<init>(PerfDataBuffer.java:58)
	at jdk.internal.jvmstat/sun.jvmstat.perfdata.monitor.protocol.local.LocalMonitoredVm.<init>(LocalMonitoredVm.java:66)
	at jdk.internal.jvmstat/sun.jvmstat.perfdata.monitor.protocol.local.MonitoredHostProvider.getMonitoredVm(MonitoredHostProvider.java:77)
	at jdk.internal.jvmstat/sun.jvmstat.perfdata.monitor.protocol.local.MonitoredHostProvider.getMonitoredVm(MonitoredHostProvider.java:67)
	at jdk.attach/sun.tools.attach.HotSpotAttachProvider.testAttachable(HotSpotAttachProvider.java:118)
	at jdk.attach/sun.tools.attach.AttachProviderImpl.attachVirtualMachine(AttachProviderImpl.java:54)
	at jdk.attach/com.sun.tools.attach.VirtualMachine.attach(VirtualMachine.java:201)
	at java.base/jdk.internal.reflect.DirectMethodHandleAccessor.invoke(DirectMethodHandleAccessor.java:104)
	at java.base/java.lang.reflect.Method.invoke(Method.java:565)
	at com.code_intelligence.jazzer.third_party.net.bytebuddy.agent.Attacher.install(Attacher.java:102)
	at com.code_intelligence.jazzer.third_party.net.bytebuddy.agent.ByteBuddyAgent.install(ByteBuddyAgent.java:601)
	at com.code_intelligence.jazzer.third_party.net.bytebuddy.agent.ByteBuddyAgent.install(ByteBuddyAgent.java:579)
	at com.code_intelligence.jazzer.third_party.net.bytebuddy.agent.ByteBuddyAgent.install(ByteBuddyAgent.java:531)
	at com.code_intelligence.jazzer.third_party.net.bytebuddy.agent.ByteBuddyAgent.install(ByteBuddyAgent.java:508)
	at com.code_intelligence.jazzer.agent.AgentInstaller.install(AgentInstaller.java:46)
	at com.code_intelligence.jazzer.driver.Driver.start(Driver.java:179)
	at com.code_intelligence.jazzer.Jazzer.start(Jazzer.java:118)
	at com.code_intelligence.jazzer.Jazzer.main(Jazzer.java:71)
Caused by: java.io.IOException: Error while instrumenting sun/jvmstat/monitor/Monitor.
	at org.jacoco.agent.rt.internal_3570298.core.instr.Instrumenter.instrumentError(Instrumenter.java:160)
	at org.jacoco.agent.rt.internal_3570298.core.instr.Instrumenter.instrument(Instrumenter.java:110)
	at org.jacoco.agent.rt.internal_3570298.CoverageTransformer.transform(CoverageTransformer.java:92)
	... 33 more
Caused by: java.lang.IllegalArgumentException: Unsupported class file major version 69
	at org.jacoco.agent.rt.internal_3570298.asm.ClassReader.<init>(ClassReader.java:196)
	at org.jacoco.agent.rt.internal_3570298.asm.ClassReader.<init>(ClassReader.java:177)
	at org.jacoco.agent.rt.internal_3570298.asm.ClassReader.<init>(ClassReader.java:163)
	at org.jacoco.agent.rt.internal_3570298.core.internal.instr.InstrSupport.classReaderFor(InstrSupport.java:280)
	at org.jacoco.agent.rt.internal_3570298.core.instr.Instrumenter.instrument(Instrumenter.java:76)
	at org.jacoco.agent.rt.internal_3570298.core.instr.Instrumenter.instrument(Instrumenter.java:108)
	... 34 more
java.lang.instrument.IllegalClassFormatException: Error while instrumenting sun/jvmstat/perfdata/monitor/MonitorTypeException.
	at org.jacoco.agent.rt.internal_3570298.CoverageTransformer.transform(CoverageTransformer.java:94)
	at java.instrument/java.lang.instrument.ClassFileTransformer.transform(ClassFileTransformer.java:257)
	at java.instrument/sun.instrument.TransformerManager.transform(TransformerManager.java:188)
	at java.instrument/sun.instrument.InstrumentationImpl.transform(InstrumentationImpl.java:594)
	at java.base/java.lang.ClassLoader.defineClass2(Native Method)
	at java.base/java.lang.ClassLoader.defineClass(ClassLoader.java:1052)
	at java.base/java.security.SecureClassLoader.defineClass(SecureClassLoader.java:176)
	at java.base/jdk.internal.loader.BuiltinClassLoader.defineClass(BuiltinClassLoader.java:735)
	at java.base/jdk.internal.loader.BuiltinClassLoader.findClassInModuleOrNull(BuiltinClassLoader.java:678)
	at java.base/jdk.internal.loader.BuiltinClassLoader.loadClassOrNull(BuiltinClassLoader.java:604)
	at java.base/jdk.internal.loader.BuiltinClassLoader.loadClass(BuiltinClassLoader.java:578)
	at java.base/java.lang.ClassLoader.loadClass(ClassLoader.java:490)
	at java.base/java.lang.Class.forName0(Native Method)
	at java.base/java.lang.Class.forName(Class.java:467)
	at java.base/java.lang.Class.forName(Class.java:458)
	at jdk.internal.jvmstat/sun.jvmstat.perfdata.monitor.AbstractPerfDataBuffer.createPerfDataBuffer(AbstractPerfDataBuffer.java:171)
	at jdk.internal.jvmstat/sun.jvmstat.perfdata.monitor.protocol.local.PerfDataBuffer.<init>(PerfDataBuffer.java:58)
	at jdk.internal.jvmstat/sun.jvmstat.perfdata.monitor.protocol.local.LocalMonitoredVm.<init>(LocalMonitoredVm.java:66)
	at jdk.internal.jvmstat/sun.jvmstat.perfdata.monitor.protocol.local.MonitoredHostProvider.getMonitoredVm(MonitoredHostProvider.java:77)
	at jdk.internal.jvmstat/sun.jvmstat.perfdata.monitor.protocol.local.MonitoredHostProvider.getMonitoredVm(MonitoredHostProvider.java:67)
	at jdk.attach/sun.tools.attach.HotSpotAttachProvider.testAttachable(HotSpotAttachProvider.java:118)
	at jdk.attach/sun.tools.attach.AttachProviderImpl.attachVirtualMachine(AttachProviderImpl.java:54)
	at jdk.attach/com.sun.tools.attach.VirtualMachine.attach(VirtualMachine.java:201)
	at java.base/jdk.internal.reflect.DirectMethodHandleAccessor.invoke(DirectMethodHandleAccessor.java:104)
	at java.base/java.lang.reflect.Method.invoke(Method.java:565)
	at com.code_intelligence.jazzer.third_party.net.bytebuddy.agent.Attacher.install(Attacher.java:102)
	at com.code_intelligence.jazzer.third_party.net.bytebuddy.agent.ByteBuddyAgent.install(ByteBuddyAgent.java:601)
	at com.code_intelligence.jazzer.third_party.net.bytebuddy.agent.ByteBuddyAgent.install(ByteBuddyAgent.java:579)
	at com.code_intelligence.jazzer.third_party.net.bytebuddy.agent.ByteBuddyAgent.install(ByteBuddyAgent.java:531)
	at com.code_intelligence.jazzer.third_party.net.bytebuddy.agent.ByteBuddyAgent.install(ByteBuddyAgent.java:508)
	at com.code_intelligence.jazzer.agent.AgentInstaller.install(AgentInstaller.java:46)
	at com.code_intelligence.jazzer.driver.Driver.start(Driver.java:179)
	at com.code_intelligence.jazzer.Jazzer.start(Jazzer.java:118)
	at com.code_intelligence.jazzer.Jazzer.main(Jazzer.java:71)
Caused by: java.io.IOException: Error while instrumenting sun/jvmstat/perfdata/monitor/MonitorTypeException.
	at org.jacoco.agent.rt.internal_3570298.core.instr.Instrumenter.instrumentError(Instrumenter.java:160)
	at org.jacoco.agent.rt.internal_3570298.core.instr.Instrumenter.instrument(Instrumenter.java:110)
	at org.jacoco.agent.rt.internal_3570298.CoverageTransformer.transform(CoverageTransformer.java:92)
	... 33 more
Caused by: java.lang.IllegalArgumentException: Unsupported class file major version 69
	at org.jacoco.agent.rt.internal_3570298.asm.ClassReader.<init>(ClassReader.java:196)
	at org.jacoco.agent.rt.internal_3570298.asm.ClassReader.<init>(ClassReader.java:177)
	at org.jacoco.agent.rt.internal_3570298.asm.ClassReader.<init>(ClassReader.java:163)
	at org.jacoco.agent.rt.internal_3570298.core.internal.instr.InstrSupport.classReaderFor(InstrSupport.java:280)
	at org.jacoco.agent.rt.internal_3570298.core.instr.Instrumenter.instrument(Instrumenter.java:76)
	at org.jacoco.agent.rt.internal_3570298.core.instr.Instrumenter.instrument(Instrumenter.java:108)
	... 34 more
java.lang.instrument.IllegalClassFormatException: Error while instrumenting sun/jvmstat/perfdata/monitor/v2_0/PerfDataBufferPrologue.
	at org.jacoco.agent.rt.internal_3570298.CoverageTransformer.transform(CoverageTransformer.java:94)
	at java.instrument/java.lang.instrument.ClassFileTransformer.transform(ClassFileTransformer.java:257)
	at java.instrument/sun.instrument.TransformerManager.transform(TransformerManager.java:188)
	at java.instrument/sun.instrument.InstrumentationImpl.transform(InstrumentationImpl.java:594)
	at java.base/java.lang.ClassLoader.defineClass2(Native Method)
	at java.base/java.lang.ClassLoader.defineClass(ClassLoader.java:1052)
	at java.base/java.security.SecureClassLoader.defineClass(SecureClassLoader.java:176)
	at java.base/jdk.internal.loader.BuiltinClassLoader.defineClass(BuiltinClassLoader.java:735)
	at java.base/jdk.internal.loader.BuiltinClassLoader.findClassInModuleOrNull(BuiltinClassLoader.java:678)
	at java.base/jdk.internal.loader.BuiltinClassLoader.loadClassOrNull(BuiltinClassLoader.java:604)
	at java.base/jdk.internal.loader.BuiltinClassLoader.loadClass(BuiltinClassLoader.java:578)
	at java.base/java.lang.ClassLoader.loadClass(ClassLoader.java:490)
	at jdk.internal.jvmstat/sun.jvmstat.perfdata.monitor.v2_0.PerfDataBuffer.<init>(PerfDataBuffer.java:114)
	at java.base/jdk.internal.reflect.DirectConstructorHandleAccessor.newInstance(DirectConstructorHandleAccessor.java:62)
	at java.base/java.lang.reflect.Constructor.newInstanceWithCaller(Constructor.java:499)
	at java.base/java.lang.reflect.Constructor.newInstance(Constructor.java:483)
	at jdk.internal.jvmstat/sun.jvmstat.perfdata.monitor.AbstractPerfDataBuffer.createPerfDataBuffer(AbstractPerfDataBuffer.java:177)
	at jdk.internal.jvmstat/sun.jvmstat.perfdata.monitor.protocol.local.PerfDataBuffer.<init>(PerfDataBuffer.java:58)
	at jdk.internal.jvmstat/sun.jvmstat.perfdata.monitor.protocol.local.LocalMonitoredVm.<init>(LocalMonitoredVm.java:66)
	at jdk.internal.jvmstat/sun.jvmstat.perfdata.monitor.protocol.local.MonitoredHostProvider.getMonitoredVm(MonitoredHostProvider.java:77)
	at jdk.internal.jvmstat/sun.jvmstat.perfdata.monitor.protocol.local.MonitoredHostProvider.getMonitoredVm(MonitoredHostProvider.java:67)
	at jdk.attach/sun.tools.attach.HotSpotAttachProvider.testAttachable(HotSpotAttachProvider.java:118)
	at jdk.attach/sun.tools.attach.AttachProviderImpl.attachVirtualMachine(AttachProviderImpl.java:54)
	at jdk.attach/com.sun.tools.attach.VirtualMachine.attach(VirtualMachine.java:201)
	at java.base/jdk.internal.reflect.DirectMethodHandleAccessor.invoke(DirectMethodHandleAccessor.java:104)
	at java.base/java.lang.reflect.Method.invoke(Method.java:565)
	at com.code_intelligence.jazzer.third_party.net.bytebuddy.agent.Attacher.install(Attacher.java:102)
	at com.code_intelligence.jazzer.third_party.net.bytebuddy.agent.ByteBuddyAgent.install(ByteBuddyAgent.java:601)
	at com.code_intelligence.jazzer.third_party.net.bytebuddy.agent.ByteBuddyAgent.install(ByteBuddyAgent.java:579)
	at com.code_intelligence.jazzer.third_party.net.bytebuddy.agent.ByteBuddyAgent.install(ByteBuddyAgent.java:531)
	at com.code_intelligence.jazzer.third_party.net.bytebuddy.agent.ByteBuddyAgent.install(ByteBuddyAgent.java:508)
	at com.code_intelligence.jazzer.agent.AgentInstaller.install(AgentInstaller.java:46)
	at com.code_intelligence.jazzer.driver.Driver.start(Driver.java:179)
	at com.code_intelligence.jazzer.Jazzer.start(Jazzer.java:118)
	at com.code_intelligence.jazzer.Jazzer.main(Jazzer.java:71)
Caused by: java.io.IOException: Error while instrumenting sun/jvmstat/perfdata/monitor/v2_0/PerfDataBufferPrologue.
	at org.jacoco.agent.rt.internal_3570298.core.instr.Instrumenter.instrumentError(Instrumenter.java:160)
	at org.jacoco.agent.rt.internal_3570298.core.instr.Instrumenter.instrument(Instrumenter.java:110)
	at org.jacoco.agent.rt.internal_3570298.CoverageTransformer.transform(CoverageTransformer.java:92)
	... 34 more
Caused by: java.lang.IllegalArgumentException: Unsupported class file major version 69
	at org.jacoco.agent.rt.internal_3570298.asm.ClassReader.<init>(ClassReader.java:196)
	at org.jacoco.agent.rt.internal_3570298.asm.ClassReader.<init>(ClassReader.java:177)
	at org.jacoco.agent.rt.internal_3570298.asm.ClassReader.<init>(ClassReader.java:163)
	at org.jacoco.agent.rt.internal_3570298.core.internal.instr.InstrSupport.classReaderFor(InstrSupport.java:280)
	at org.jacoco.agent.rt.internal_3570298.core.instr.Instrumenter.instrument(Instrumenter.java:76)
	at org.jacoco.agent.rt.internal_3570298.core.instr.Instrumenter.instrument(Instrumenter.java:108)
	... 35 more
java.lang.instrument.IllegalClassFormatException: Error while instrumenting sun/jvmstat/monitor/MonitoredVmUtil.
	at org.jacoco.agent.rt.internal_3570298.CoverageTransformer.transform(CoverageTransformer.java:94)
	at java.instrument/java.lang.instrument.ClassFileTransformer.transform(ClassFileTransformer.java:257)
	at java.instrument/sun.instrument.TransformerManager.transform(TransformerManager.java:188)
	at java.instrument/sun.instrument.InstrumentationImpl.transform(InstrumentationImpl.java:594)
	at java.base/java.lang.ClassLoader.defineClass2(Native Method)
	at java.base/java.lang.ClassLoader.defineClass(ClassLoader.java:1052)
	at java.base/java.security.SecureClassLoader.defineClass(SecureClassLoader.java:176)
	at java.base/jdk.internal.loader.BuiltinClassLoader.defineClass(BuiltinClassLoader.java:735)
	at java.base/jdk.internal.loader.BuiltinClassLoader.findClassInModuleOrNull(BuiltinClassLoader.java:678)
	at java.base/jdk.internal.loader.BuiltinClassLoader.loadClassOrNull(BuiltinClassLoader.java:604)
	at java.base/jdk.internal.loader.BuiltinClassLoader.loadClass(BuiltinClassLoader.java:578)
	at java.base/java.lang.ClassLoader.loadClass(ClassLoader.java:490)
	at jdk.attach/sun.tools.attach.HotSpotAttachProvider.testAttachable(HotSpotAttachProvider.java:120)
	at jdk.attach/sun.tools.attach.AttachProviderImpl.attachVirtualMachine(AttachProviderImpl.java:54)
	at jdk.attach/com.sun.tools.attach.VirtualMachine.attach(VirtualMachine.java:201)
	at java.base/jdk.internal.reflect.DirectMethodHandleAccessor.invoke(DirectMethodHandleAccessor.java:104)
	at java.base/java.lang.reflect.Method.invoke(Method.java:565)
	at com.code_intelligence.jazzer.third_party.net.bytebuddy.agent.Attacher.install(Attacher.java:102)
	at com.code_intelligence.jazzer.third_party.net.bytebuddy.agent.ByteBuddyAgent.install(ByteBuddyAgent.java:601)
	at com.code_intelligence.jazzer.third_party.net.bytebuddy.agent.ByteBuddyAgent.install(ByteBuddyAgent.java:579)
	at com.code_intelligence.jazzer.third_party.net.bytebuddy.agent.ByteBuddyAgent.install(ByteBuddyAgent.java:531)
	at com.code_intelligence.jazzer.third_party.net.bytebuddy.agent.ByteBuddyAgent.install(ByteBuddyAgent.java:508)
	at com.code_intelligence.jazzer.agent.AgentInstaller.install(AgentInstaller.java:46)
	at com.code_intelligence.jazzer.driver.Driver.start(Driver.java:179)
	at com.code_intelligence.jazzer.Jazzer.start(Jazzer.java:118)
	at com.code_intelligence.jazzer.Jazzer.main(Jazzer.java:71)
Caused by: java.io.IOException: Error while instrumenting sun/jvmstat/monitor/MonitoredVmUtil.
	at org.jacoco.agent.rt.internal_3570298.core.instr.Instrumenter.instrumentError(Instrumenter.java:160)
	at org.jacoco.agent.rt.internal_3570298.core.instr.Instrumenter.instrument(Instrumenter.java:110)
	at org.jacoco.agent.rt.internal_3570298.CoverageTransformer.transform(CoverageTransformer.java:92)
	... 25 more
Caused by: java.lang.IllegalArgumentException: Unsupported class file major version 69
	at org.jacoco.agent.rt.internal_3570298.asm.ClassReader.<init>(ClassReader.java:196)
	at org.jacoco.agent.rt.internal_3570298.asm.ClassReader.<init>(ClassReader.java:177)
	at org.jacoco.agent.rt.internal_3570298.asm.ClassReader.<init>(ClassReader.java:163)
	at org.jacoco.agent.rt.internal_3570298.core.internal.instr.InstrSupport.classReaderFor(InstrSupport.java:280)
	at org.jacoco.agent.rt.internal_3570298.core.instr.Instrumenter.instrument(Instrumenter.java:76)
	at org.jacoco.agent.rt.internal_3570298.core.instr.Instrumenter.instrument(Instrumenter.java:108)
	... 26 more
java.lang.instrument.IllegalClassFormatException: Error while instrumenting sun/jvmstat/perfdata/monitor/PerfIntegerMonitor.
	at org.jacoco.agent.rt.internal_3570298.CoverageTransformer.transform(CoverageTransformer.java:94)
	at java.instrument/java.lang.instrument.ClassFileTransformer.transform(ClassFileTransformer.java:257)
	at java.instrument/sun.instrument.TransformerManager.transform(TransformerManager.java:188)
	at java.instrument/sun.instrument.InstrumentationImpl.transform(InstrumentationImpl.java:594)
	at java.base/java.lang.ClassLoader.defineClass2(Native Method)
	at java.base/java.lang.ClassLoader.defineClass(ClassLoader.java:1052)
	at java.base/java.security.SecureClassLoader.defineClass(SecureClassLoader.java:176)
	at java.base/jdk.internal.loader.BuiltinClassLoader.defineClass(BuiltinClassLoader.java:735)
	at java.base/jdk.internal.loader.BuiltinClassLoader.findClassInModuleOrNull(BuiltinClassLoader.java:678)
	at java.base/jdk.internal.loader.BuiltinClassLoader.loadClassOrNull(BuiltinClassLoader.java:604)
	at java.base/jdk.internal.loader.BuiltinClassLoader.loadClass(BuiltinClassLoader.java:578)
	at java.base/java.lang.ClassLoader.loadClass(ClassLoader.java:490)
	at jdk.internal.jvmstat/sun.jvmstat.perfdata.monitor.v2_0.PerfDataBuffer.buildPseudoMonitors(PerfDataBuffer.java:219)
	at jdk.internal.jvmstat/sun.jvmstat.perfdata.monitor.v2_0.PerfDataBuffer.buildMonitorMap(PerfDataBuffer.java:128)
	at jdk.internal.jvmstat/sun.jvmstat.perfdata.monitor.PerfDataBufferImpl.findByName(PerfDataBufferImpl.java:244)
	at jdk.internal.jvmstat/sun.jvmstat.perfdata.monitor.AbstractPerfDataBuffer.findByName(AbstractPerfDataBuffer.java:99)
	at jdk.internal.jvmstat/sun.jvmstat.perfdata.monitor.AbstractMonitoredVm.findByName(AbstractMonitoredVm.java:82)
	at jdk.internal.jvmstat/sun.jvmstat.monitor.MonitoredVmUtil.isAttachable(MonitoredVmUtil.java:181)
	at jdk.attach/sun.tools.attach.HotSpotAttachProvider.testAttachable(HotSpotAttachProvider.java:120)
	at jdk.attach/sun.tools.attach.AttachProviderImpl.attachVirtualMachine(AttachProviderImpl.java:54)
	at jdk.attach/com.sun.tools.attach.VirtualMachine.attach(VirtualMachine.java:201)
	at java.base/jdk.internal.reflect.DirectMethodHandleAccessor.invoke(DirectMethodHandleAccessor.java:104)
	at java.base/java.lang.reflect.Method.invoke(Method.java:565)
	at com.code_intelligence.jazzer.third_party.net.bytebuddy.agent.Attacher.install(Attacher.java:102)
	at com.code_intelligence.jazzer.third_party.net.bytebuddy.agent.ByteBuddyAgent.install(ByteBuddyAgent.java:601)
	at com.code_intelligence.jazzer.third_party.net.bytebuddy.agent.ByteBuddyAgent.install(ByteBuddyAgent.java:579)
	at com.code_intelligence.jazzer.third_party.net.bytebuddy.agent.ByteBuddyAgent.install(ByteBuddyAgent.java:531)
	at com.code_intelligence.jazzer.third_party.net.bytebuddy.agent.ByteBuddyAgent.install(ByteBuddyAgent.java:508)
	at com.code_intelligence.jazzer.agent.AgentInstaller.install(AgentInstaller.java:46)
	at com.code_intelligence.jazzer.driver.Driver.start(Driver.java:179)
	at com.code_intelligence.jazzer.Jazzer.start(Jazzer.java:118)
	at com.code_intelligence.jazzer.Jazzer.main(Jazzer.java:71)
Caused by: java.io.IOException: Error while instrumenting sun/jvmstat/perfdata/monitor/PerfIntegerMonitor.
	at org.jacoco.agent.rt.internal_3570298.core.instr.Instrumenter.instrumentError(Instrumenter.java:160)
	at org.jacoco.agent.rt.internal_3570298.core.instr.Instrumenter.instrument(Instrumenter.java:110)
	at org.jacoco.agent.rt.internal_3570298.CoverageTransformer.transform(CoverageTransformer.java:92)
	... 31 more
Caused by: java.lang.IllegalArgumentException: Unsupported class file major version 69
	at org.jacoco.agent.rt.internal_3570298.asm.ClassReader.<init>(ClassReader.java:196)
	at org.jacoco.agent.rt.internal_3570298.asm.ClassReader.<init>(ClassReader.java:177)
	at org.jacoco.agent.rt.internal_3570298.asm.ClassReader.<init>(ClassReader.java:163)
	at org.jacoco.agent.rt.internal_3570298.core.internal.instr.InstrSupport.classReaderFor(InstrSupport.java:280)
	at org.jacoco.agent.rt.internal_3570298.core.instr.Instrumenter.instrument(Instrumenter.java:76)
	at org.jacoco.agent.rt.internal_3570298.core.instr.Instrumenter.instrument(Instrumenter.java:108)
	... 32 more
java.lang.instrument.IllegalClassFormatException: Error while instrumenting sun/jvmstat/monitor/IntegerMonitor.
	at org.jacoco.agent.rt.internal_3570298.CoverageTransformer.transform(CoverageTransformer.java:94)
	at java.instrument/java.lang.instrument.ClassFileTransformer.transform(ClassFileTransformer.java:257)
	at java.instrument/sun.instrument.TransformerManager.transform(TransformerManager.java:188)
	at java.instrument/sun.instrument.InstrumentationImpl.transform(InstrumentationImpl.java:594)
	at java.base/java.lang.ClassLoader.defineClass2(Native Method)
	at java.base/java.lang.ClassLoader.defineClass(ClassLoader.java:1052)
	at java.base/java.security.SecureClassLoader.defineClass(SecureClassLoader.java:176)
	at java.base/jdk.internal.loader.BuiltinClassLoader.defineClass(BuiltinClassLoader.java:735)
	at java.base/jdk.internal.loader.BuiltinClassLoader.findClassInModuleOrNull(BuiltinClassLoader.java:678)
	at java.base/jdk.internal.loader.BuiltinClassLoader.loadClassOrNull(BuiltinClassLoader.java:604)
	at java.base/jdk.internal.loader.BuiltinClassLoader.loadClass(BuiltinClassLoader.java:578)
	at java.base/java.lang.ClassLoader.loadClass(ClassLoader.java:490)
	at java.base/java.lang.ClassLoader.defineClass2(Native Method)
	at java.base/java.lang.ClassLoader.defineClass(ClassLoader.java:1052)
	at java.base/java.security.SecureClassLoader.defineClass(SecureClassLoader.java:176)
	at java.base/jdk.internal.loader.BuiltinClassLoader.defineClass(BuiltinClassLoader.java:735)
	at java.base/jdk.internal.loader.BuiltinClassLoader.findClassInModuleOrNull(BuiltinClassLoader.java:678)
	at java.base/jdk.internal.loader.BuiltinClassLoader.loadClassOrNull(BuiltinClassLoader.java:604)
	at java.base/jdk.internal.loader.BuiltinClassLoader.loadClass(BuiltinClassLoader.java:578)
	at java.base/java.lang.ClassLoader.loadClass(ClassLoader.java:490)
	at jdk.internal.jvmstat/sun.jvmstat.perfdata.monitor.v2_0.PerfDataBuffer.buildPseudoMonitors(PerfDataBuffer.java:219)
	at jdk.internal.jvmstat/sun.jvmstat.perfdata.monitor.v2_0.PerfDataBuffer.buildMonitorMap(PerfDataBuffer.java:128)
	at jdk.internal.jvmstat/sun.jvmstat.perfdata.monitor.PerfDataBufferImpl.findByName(PerfDataBufferImpl.java:244)
	at jdk.internal.jvmstat/sun.jvmstat.perfdata.monitor.AbstractPerfDataBuffer.findByName(AbstractPerfDataBuffer.java:99)
	at jdk.internal.jvmstat/sun.jvmstat.perfdata.monitor.AbstractMonitoredVm.findByName(AbstractMonitoredVm.java:82)
	at jdk.internal.jvmstat/sun.jvmstat.monitor.MonitoredVmUtil.isAttachable(MonitoredVmUtil.java:181)
	at jdk.attach/sun.tools.attach.HotSpotAttachProvider.testAttachable(HotSpotAttachProvider.java:120)
	at jdk.attach/sun.tools.attach.AttachProviderImpl.attachVirtualMachine(AttachProviderImpl.java:54)
	at jdk.attach/com.sun.tools.attach.VirtualMachine.attach(VirtualMachine.java:201)
	at java.base/jdk.internal.reflect.DirectMethodHandleAccessor.invoke(DirectMethodHandleAccessor.java:104)
	at java.base/java.lang.reflect.Method.invoke(Method.java:565)
	at com.code_intelligence.jazzer.third_party.net.bytebuddy.agent.Attacher.install(Attacher.java:102)
	at com.code_intelligence.jazzer.third_party.net.bytebuddy.agent.ByteBuddyAgent.install(ByteBuddyAgent.java:601)
	at com.code_intelligence.jazzer.third_party.net.bytebuddy.agent.ByteBuddyAgent.install(ByteBuddyAgent.java:579)
	at com.code_intelligence.jazzer.third_party.net.bytebuddy.agent.ByteBuddyAgent.install(ByteBuddyAgent.java:531)
	at com.code_intelligence.jazzer.third_party.net.bytebuddy.agent.ByteBuddyAgent.install(ByteBuddyAgent.java:508)
	at com.code_intelligence.jazzer.agent.AgentInstaller.install(AgentInstaller.java:46)
	at com.code_intelligence.jazzer.driver.Driver.start(Driver.java:179)
	at com.code_intelligence.jazzer.Jazzer.start(Jazzer.java:118)
	at com.code_intelligence.jazzer.Jazzer.main(Jazzer.java:71)
Caused by: java.io.IOException: Error while instrumenting sun/jvmstat/monitor/IntegerMonitor.
	at org.jacoco.agent.rt.internal_3570298.core.instr.Instrumenter.instrumentError(Instrumenter.java:160)
	at org.jacoco.agent.rt.internal_3570298.core.instr.Instrumenter.instrument(Instrumenter.java:110)
	at org.jacoco.agent.rt.internal_3570298.CoverageTransformer.transform(CoverageTransformer.java:92)
	... 39 more
Caused by: java.lang.IllegalArgumentException: Unsupported class file major version 69
	at org.jacoco.agent.rt.internal_3570298.asm.ClassReader.<init>(ClassReader.java:196)
	at org.jacoco.agent.rt.internal_3570298.asm.ClassReader.<init>(ClassReader.java:177)
	at org.jacoco.agent.rt.internal_3570298.asm.ClassReader.<init>(ClassReader.java:163)
	at org.jacoco.agent.rt.internal_3570298.core.internal.instr.InstrSupport.classReaderFor(InstrSupport.java:280)
	at org.jacoco.agent.rt.internal_3570298.core.instr.Instrumenter.instrument(Instrumenter.java:76)
	at org.jacoco.agent.rt.internal_3570298.core.instr.Instrumenter.instrument(Instrumenter.java:108)
	... 40 more
java.lang.instrument.IllegalClassFormatException: Error while instrumenting sun/jvmstat/monitor/AbstractMonitor.
	at org.jacoco.agent.rt.internal_3570298.CoverageTransformer.transform(CoverageTransformer.java:94)
	at java.instrument/java.lang.instrument.ClassFileTransformer.transform(ClassFileTransformer.java:257)
	at java.instrument/sun.instrument.TransformerManager.transform(TransformerManager.java:188)
	at java.instrument/sun.instrument.InstrumentationImpl.transform(InstrumentationImpl.java:594)
	at java.base/java.lang.ClassLoader.defineClass2(Native Method)
	at java.base/java.lang.ClassLoader.defineClass(ClassLoader.java:1052)
	at java.base/java.security.SecureClassLoader.defineClass(SecureClassLoader.java:176)
	at java.base/jdk.internal.loader.BuiltinClassLoader.defineClass(BuiltinClassLoader.java:735)
	at java.base/jdk.internal.loader.BuiltinClassLoader.findClassInModuleOrNull(BuiltinClassLoader.java:678)
	at java.base/jdk.internal.loader.BuiltinClassLoader.loadClassOrNull(BuiltinClassLoader.java:604)
	at java.base/jdk.internal.loader.BuiltinClassLoader.loadClass(BuiltinClassLoader.java:578)
	at java.base/java.lang.ClassLoader.loadClass(ClassLoader.java:490)
	at java.base/java.lang.ClassLoader.defineClass2(Native Method)
	at java.base/java.lang.ClassLoader.defineClass(ClassLoader.java:1052)
	at java.base/java.security.SecureClassLoader.defineClass(SecureClassLoader.java:176)
	at java.base/jdk.internal.loader.BuiltinClassLoader.defineClass(BuiltinClassLoader.java:735)
	at java.base/jdk.internal.loader.BuiltinClassLoader.findClassInModuleOrNull(BuiltinClassLoader.java:678)
	at java.base/jdk.internal.loader.BuiltinClassLoader.loadClassOrNull(BuiltinClassLoader.java:604)
	at java.base/jdk.internal.loader.BuiltinClassLoader.loadClass(BuiltinClassLoader.java:578)
	at java.base/java.lang.ClassLoader.loadClass(ClassLoader.java:490)
	at jdk.internal.jvmstat/sun.jvmstat.perfdata.monitor.v2_0.PerfDataBuffer.buildPseudoMonitors(PerfDataBuffer.java:219)
	at jdk.internal.jvmstat/sun.jvmstat.perfdata.monitor.v2_0.PerfDataBuffer.buildMonitorMap(PerfDataBuffer.java:128)
	at jdk.internal.jvmstat/sun.jvmstat.perfdata.monitor.PerfDataBufferImpl.findByName(PerfDataBufferImpl.java:244)
	at jdk.internal.jvmstat/sun.jvmstat.perfdata.monitor.AbstractPerfDataBuffer.findByName(AbstractPerfDataBuffer.java:99)
	at jdk.internal.jvmstat/sun.jvmstat.perfdata.monitor.AbstractMonitoredVm.findByName(AbstractMonitoredVm.java:82)
	at jdk.internal.jvmstat/sun.jvmstat.monitor.MonitoredVmUtil.isAttachable(MonitoredVmUtil.java:181)
	at jdk.attach/sun.tools.attach.HotSpotAttachProvider.testAttachable(HotSpotAttachProvider.java:120)
	at jdk.attach/sun.tools.attach.AttachProviderImpl.attachVirtualMachine(AttachProviderImpl.java:54)
	at jdk.attach/com.sun.tools.attach.VirtualMachine.attach(VirtualMachine.java:201)
	at java.base/jdk.internal.reflect.DirectMethodHandleAccessor.invoke(DirectMethodHandleAccessor.java:104)
	at java.base/java.lang.reflect.Method.invoke(Method.java:565)
	at com.code_intelligence.jazzer.third_party.net.bytebuddy.agent.Attacher.install(Attacher.java:102)
	at com.code_intelligence.jazzer.third_party.net.bytebuddy.agent.ByteBuddyAgent.install(ByteBuddyAgent.java:601)
	at com.code_intelligence.jazzer.third_party.net.bytebuddy.agent.ByteBuddyAgent.install(ByteBuddyAgent.java:579)
	at com.code_intelligence.jazzer.third_party.net.bytebuddy.agent.ByteBuddyAgent.install(ByteBuddyAgent.java:531)
	at com.code_intelligence.jazzer.third_party.net.bytebuddy.agent.ByteBuddyAgent.install(ByteBuddyAgent.java:508)
	at com.code_intelligence.jazzer.agent.AgentInstaller.install(AgentInstaller.java:46)
	at com.code_intelligence.jazzer.driver.Driver.start(Driver.java:179)
	at com.code_intelligence.jazzer.Jazzer.start(Jazzer.java:118)
	at com.code_intelligence.jazzer.Jazzer.main(Jazzer.java:71)
Caused by: java.io.IOException: Error while instrumenting sun/jvmstat/monitor/AbstractMonitor.
	at org.jacoco.agent.rt.internal_3570298.core.instr.Instrumenter.instrumentError(Instrumenter.java:160)
	at org.jacoco.agent.rt.internal_3570298.core.instr.Instrumenter.instrument(Instrumenter.java:110)
	at org.jacoco.agent.rt.internal_3570298.CoverageTransformer.transform(CoverageTransformer.java:92)
	... 39 more
Caused by: java.lang.IllegalArgumentException: Unsupported class file major version 69
	at org.jacoco.agent.rt.internal_3570298.asm.ClassReader.<init>(ClassReader.java:196)
	at org.jacoco.agent.rt.internal_3570298.asm.ClassReader.<init>(ClassReader.java:177)
	at org.jacoco.agent.rt.internal_3570298.asm.ClassReader.<init>(ClassReader.java:163)
	at org.jacoco.agent.rt.internal_3570298.core.internal.instr.InstrSupport.classReaderFor(InstrSupport.java:280)
	at org.jacoco.agent.rt.internal_3570298.core.instr.Instrumenter.instrument(Instrumenter.java:76)
	at org.jacoco.agent.rt.internal_3570298.core.instr.Instrumenter.instrument(Instrumenter.java:108)
	... 40 more
java.lang.instrument.IllegalClassFormatException: Error while instrumenting sun/jvmstat/monitor/Units.
	at org.jacoco.agent.rt.internal_3570298.CoverageTransformer.transform(CoverageTransformer.java:94)
	at java.instrument/java.lang.instrument.ClassFileTransformer.transform(ClassFileTransformer.java:257)
	at java.instrument/sun.instrument.TransformerManager.transform(TransformerManager.java:188)
	at java.instrument/sun.instrument.InstrumentationImpl.transform(InstrumentationImpl.java:594)
	at java.base/java.lang.ClassLoader.defineClass2(Native Method)
	at java.base/java.lang.ClassLoader.defineClass(ClassLoader.java:1052)
	at java.base/java.security.SecureClassLoader.defineClass(SecureClassLoader.java:176)
	at java.base/jdk.internal.loader.BuiltinClassLoader.defineClass(BuiltinClassLoader.java:735)
	at java.base/jdk.internal.loader.BuiltinClassLoader.findClassInModuleOrNull(BuiltinClassLoader.java:678)
	at java.base/jdk.internal.loader.BuiltinClassLoader.loadClassOrNull(BuiltinClassLoader.java:604)
	at java.base/jdk.internal.loader.BuiltinClassLoader.loadClass(BuiltinClassLoader.java:578)
	at java.base/java.lang.ClassLoader.loadClass(ClassLoader.java:490)
	at jdk.internal.jvmstat/sun.jvmstat.perfdata.monitor.v2_0.PerfDataBuffer.buildPseudoMonitors(PerfDataBuffer.java:219)
	at jdk.internal.jvmstat/sun.jvmstat.perfdata.monitor.v2_0.PerfDataBuffer.buildMonitorMap(PerfDataBuffer.java:128)
	at jdk.internal.jvmstat/sun.jvmstat.perfdata.monitor.PerfDataBufferImpl.findByName(PerfDataBufferImpl.java:244)
	at jdk.internal.jvmstat/sun.jvmstat.perfdata.monitor.AbstractPerfDataBuffer.findByName(AbstractPerfDataBuffer.java:99)
	at jdk.internal.jvmstat/sun.jvmstat.perfdata.monitor.AbstractMonitoredVm.findByName(AbstractMonitoredVm.java:82)
	at jdk.internal.jvmstat/sun.jvmstat.monitor.MonitoredVmUtil.isAttachable(MonitoredVmUtil.java:181)
	at jdk.attach/sun.tools.attach.HotSpotAttachProvider.testAttachable(HotSpotAttachProvider.java:120)
	at jdk.attach/sun.tools.attach.AttachProviderImpl.attachVirtualMachine(AttachProviderImpl.java:54)
	at jdk.attach/com.sun.tools.attach.VirtualMachine.attach(VirtualMachine.java:201)
	at java.base/jdk.internal.reflect.DirectMethodHandleAccessor.invoke(DirectMethodHandleAccessor.java:104)
	at java.base/java.lang.reflect.Method.invoke(Method.java:565)
	at com.code_intelligence.jazzer.third_party.net.bytebuddy.agent.Attacher.install(Attacher.java:102)
	at com.code_intelligence.jazzer.third_party.net.bytebuddy.agent.ByteBuddyAgent.install(ByteBuddyAgent.java:601)
	at com.code_intelligence.jazzer.third_party.net.bytebuddy.agent.ByteBuddyAgent.install(ByteBuddyAgent.java:579)
	at com.code_intelligence.jazzer.third_party.net.bytebuddy.agent.ByteBuddyAgent.install(ByteBuddyAgent.java:531)
	at com.code_intelligence.jazzer.third_party.net.bytebuddy.agent.ByteBuddyAgent.install(ByteBuddyAgent.java:508)
	at com.code_intelligence.jazzer.agent.AgentInstaller.install(AgentInstaller.java:46)
	at com.code_intelligence.jazzer.driver.Driver.start(Driver.java:179)
	at com.code_intelligence.jazzer.Jazzer.start(Jazzer.java:118)
	at com.code_intelligence.jazzer.Jazzer.main(Jazzer.java:71)
Caused by: java.io.IOException: Error while instrumenting sun/jvmstat/monitor/Units.
	at org.jacoco.agent.rt.internal_3570298.core.instr.Instrumenter.instrumentError(Instrumenter.java:160)
	at org.jacoco.agent.rt.internal_3570298.core.instr.Instrumenter.instrument(Instrumenter.java:110)
	at org.jacoco.agent.rt.internal_3570298.CoverageTransformer.transform(CoverageTransformer.java:92)
	... 31 more
Caused by: java.lang.IllegalArgumentException: Unsupported class file major version 69
	at org.jacoco.agent.rt.internal_3570298.asm.ClassReader.<init>(ClassReader.java:196)
	at org.jacoco.agent.rt.internal_3570298.asm.ClassReader.<init>(ClassReader.java:177)
	at org.jacoco.agent.rt.internal_3570298.asm.ClassReader.<init>(ClassReader.java:163)
	at org.jacoco.agent.rt.internal_3570298.core.internal.instr.InstrSupport.classReaderFor(InstrSupport.java:280)
	at org.jacoco.agent.rt.internal_3570298.core.instr.Instrumenter.instrument(Instrumenter.java:76)
	at org.jacoco.agent.rt.internal_3570298.core.instr.Instrumenter.instrument(Instrumenter.java:108)
	... 32 more
java.lang.instrument.IllegalClassFormatException: Error while instrumenting sun/jvmstat/monitor/Variability.
	at org.jacoco.agent.rt.internal_3570298.CoverageTransformer.transform(CoverageTransformer.java:94)
	at java.instrument/java.lang.instrument.ClassFileTransformer.transform(ClassFileTransformer.java:257)
	at java.instrument/sun.instrument.TransformerManager.transform(TransformerManager.java:188)
	at java.instrument/sun.instrument.InstrumentationImpl.transform(InstrumentationImpl.java:594)
	at java.base/java.lang.ClassLoader.defineClass2(Native Method)
	at java.base/java.lang.ClassLoader.defineClass(ClassLoader.java:1052)
	at java.base/java.security.SecureClassLoader.defineClass(SecureClassLoader.java:176)
	at java.base/jdk.internal.loader.BuiltinClassLoader.defineClass(BuiltinClassLoader.java:735)
	at java.base/jdk.internal.loader.BuiltinClassLoader.findClassInModuleOrNull(BuiltinClassLoader.java:678)
	at java.base/jdk.internal.loader.BuiltinClassLoader.loadClassOrNull(BuiltinClassLoader.java:604)
	at java.base/jdk.internal.loader.BuiltinClassLoader.loadClass(BuiltinClassLoader.java:578)
	at java.base/java.lang.ClassLoader.loadClass(ClassLoader.java:490)
	at jdk.internal.jvmstat/sun.jvmstat.perfdata.monitor.v2_0.PerfDataBuffer.buildPseudoMonitors(PerfDataBuffer.java:219)
	at jdk.internal.jvmstat/sun.jvmstat.perfdata.monitor.v2_0.PerfDataBuffer.buildMonitorMap(PerfDataBuffer.java:128)
	at jdk.internal.jvmstat/sun.jvmstat.perfdata.monitor.PerfDataBufferImpl.findByName(PerfDataBufferImpl.java:244)
	at jdk.internal.jvmstat/sun.jvmstat.perfdata.monitor.AbstractPerfDataBuffer.findByName(AbstractPerfDataBuffer.java:99)
	at jdk.internal.jvmstat/sun.jvmstat.perfdata.monitor.AbstractMonitoredVm.findByName(AbstractMonitoredVm.java:82)
	at jdk.internal.jvmstat/sun.jvmstat.monitor.MonitoredVmUtil.isAttachable(MonitoredVmUtil.java:181)
	at jdk.attach/sun.tools.attach.HotSpotAttachProvider.testAttachable(HotSpotAttachProvider.java:120)
	at jdk.attach/sun.tools.attach.AttachProviderImpl.attachVirtualMachine(AttachProviderImpl.java:54)
	at jdk.attach/com.sun.tools.attach.VirtualMachine.attach(VirtualMachine.java:201)
	at java.base/jdk.internal.reflect.DirectMethodHandleAccessor.invoke(DirectMethodHandleAccessor.java:104)
	at java.base/java.lang.reflect.Method.invoke(Method.java:565)
	at com.code_intelligence.jazzer.third_party.net.bytebuddy.agent.Attacher.install(Attacher.java:102)
	at com.code_intelligence.jazzer.third_party.net.bytebuddy.agent.ByteBuddyAgent.install(ByteBuddyAgent.java:601)
	at com.code_intelligence.jazzer.third_party.net.bytebuddy.agent.ByteBuddyAgent.install(ByteBuddyAgent.java:579)
	at com.code_intelligence.jazzer.third_party.net.bytebuddy.agent.ByteBuddyAgent.install(ByteBuddyAgent.java:531)
	at com.code_intelligence.jazzer.third_party.net.bytebuddy.agent.ByteBuddyAgent.install(ByteBuddyAgent.java:508)
	at com.code_intelligence.jazzer.agent.AgentInstaller.install(AgentInstaller.java:46)
	at com.code_intelligence.jazzer.driver.Driver.start(Driver.java:179)
	at com.code_intelligence.jazzer.Jazzer.start(Jazzer.java:118)
	at com.code_intelligence.jazzer.Jazzer.main(Jazzer.java:71)
Caused by: java.io.IOException: Error while instrumenting sun/jvmstat/monitor/Variability.
	at org.jacoco.agent.rt.internal_3570298.core.instr.Instrumenter.instrumentError(Instrumenter.java:160)
	at org.jacoco.agent.rt.internal_3570298.core.instr.Instrumenter.instrument(Instrumenter.java:110)
	at org.jacoco.agent.rt.internal_3570298.CoverageTransformer.transform(CoverageTransformer.java:92)
	... 31 more
Caused by: java.lang.IllegalArgumentException: Unsupported class file major version 69
	at org.jacoco.agent.rt.internal_3570298.asm.ClassReader.<init>(ClassReader.java:196)
	at org.jacoco.agent.rt.internal_3570298.asm.ClassReader.<init>(ClassReader.java:177)
	at org.jacoco.agent.rt.internal_3570298.asm.ClassReader.<init>(ClassReader.java:163)
	at org.jacoco.agent.rt.internal_3570298.core.internal.instr.InstrSupport.classReaderFor(InstrSupport.java:280)
	at org.jacoco.agent.rt.internal_3570298.core.instr.Instrumenter.instrument(Instrumenter.java:76)
	at org.jacoco.agent.rt.internal_3570298.core.instr.Instrumenter.instrument(Instrumenter.java:108)
	... 32 more
java.lang.instrument.IllegalClassFormatException: Error while instrumenting sun/jvmstat/perfdata/monitor/PerfLongMonitor.
	at org.jacoco.agent.rt.internal_3570298.CoverageTransformer.transform(CoverageTransformer.java:94)
	at java.instrument/java.lang.instrument.ClassFileTransformer.transform(ClassFileTransformer.java:257)
	at java.instrument/sun.instrument.TransformerManager.transform(TransformerManager.java:188)
	at java.instrument/sun.instrument.InstrumentationImpl.transform(InstrumentationImpl.java:594)
	at java.base/java.lang.ClassLoader.defineClass2(Native Method)
	at java.base/java.lang.ClassLoader.defineClass(ClassLoader.java:1052)
	at java.base/java.security.SecureClassLoader.defineClass(SecureClassLoader.java:176)
	at java.base/jdk.internal.loader.BuiltinClassLoader.defineClass(BuiltinClassLoader.java:735)
	at java.base/jdk.internal.loader.BuiltinClassLoader.findClassInModuleOrNull(BuiltinClassLoader.java:678)
	at java.base/jdk.internal.loader.BuiltinClassLoader.loadClassOrNull(BuiltinClassLoader.java:604)
	at java.base/jdk.internal.loader.BuiltinClassLoader.loadClass(BuiltinClassLoader.java:578)
	at java.base/java.lang.ClassLoader.loadClass(ClassLoader.java:490)
	at jdk.internal.jvmstat/sun.jvmstat.perfdata.monitor.v2_0.PerfDataBuffer.buildPseudoMonitors(PerfDataBuffer.java:250)
	at jdk.internal.jvmstat/sun.jvmstat.perfdata.monitor.v2_0.PerfDataBuffer.buildMonitorMap(PerfDataBuffer.java:128)
	at jdk.internal.jvmstat/sun.jvmstat.perfdata.monitor.PerfDataBufferImpl.findByName(PerfDataBufferImpl.java:244)
	at jdk.internal.jvmstat/sun.jvmstat.perfdata.monitor.AbstractPerfDataBuffer.findByName(AbstractPerfDataBuffer.java:99)
	at jdk.internal.jvmstat/sun.jvmstat.perfdata.monitor.AbstractMonitoredVm.findByName(AbstractMonitoredVm.java:82)
	at jdk.internal.jvmstat/sun.jvmstat.monitor.MonitoredVmUtil.isAttachable(MonitoredVmUtil.java:181)
	at jdk.attach/sun.tools.attach.HotSpotAttachProvider.testAttachable(HotSpotAttachProvider.java:120)
	at jdk.attach/sun.tools.attach.AttachProviderImpl.attachVirtualMachine(AttachProviderImpl.java:54)
	at jdk.attach/com.sun.tools.attach.VirtualMachine.attach(VirtualMachine.java:201)
	at java.base/jdk.internal.reflect.DirectMethodHandleAccessor.invoke(DirectMethodHandleAccessor.java:104)
	at java.base/java.lang.reflect.Method.invoke(Method.java:565)
	at com.code_intelligence.jazzer.third_party.net.bytebuddy.agent.Attacher.install(Attacher.java:102)
	at com.code_intelligence.jazzer.third_party.net.bytebuddy.agent.ByteBuddyAgent.install(ByteBuddyAgent.java:601)
	at com.code_intelligence.jazzer.third_party.net.bytebuddy.agent.ByteBuddyAgent.install(ByteBuddyAgent.java:579)
	at com.code_intelligence.jazzer.third_party.net.bytebuddy.agent.ByteBuddyAgent.install(ByteBuddyAgent.java:531)
	at com.code_intelligence.jazzer.third_party.net.bytebuddy.agent.ByteBuddyAgent.install(ByteBuddyAgent.java:508)
	at com.code_intelligence.jazzer.agent.AgentInstaller.install(AgentInstaller.java:46)
	at com.code_intelligence.jazzer.driver.Driver.start(Driver.java:179)
	at com.code_intelligence.jazzer.Jazzer.start(Jazzer.java:118)
	at com.code_intelligence.jazzer.Jazzer.main(Jazzer.java:71)
Caused by: java.io.IOException: Error while instrumenting sun/jvmstat/perfdata/monitor/PerfLongMonitor.
	at org.jacoco.agent.rt.internal_3570298.core.instr.Instrumenter.instrumentError(Instrumenter.java:160)
	at org.jacoco.agent.rt.internal_3570298.core.instr.Instrumenter.instrument(Instrumenter.java:110)
	at org.jacoco.agent.rt.internal_3570298.CoverageTransformer.transform(CoverageTransformer.java:92)
	... 31 more
Caused by: java.lang.IllegalArgumentException: Unsupported class file major version 69
	at org.jacoco.agent.rt.internal_3570298.asm.ClassReader.<init>(ClassReader.java:196)
	at org.jacoco.agent.rt.internal_3570298.asm.ClassReader.<init>(ClassReader.java:177)
	at org.jacoco.agent.rt.internal_3570298.asm.ClassReader.<init>(ClassReader.java:163)
	at org.jacoco.agent.rt.internal_3570298.core.internal.instr.InstrSupport.classReaderFor(InstrSupport.java:280)
	at org.jacoco.agent.rt.internal_3570298.core.instr.Instrumenter.instrument(Instrumenter.java:76)
	at org.jacoco.agent.rt.internal_3570298.core.instr.Instrumenter.instrument(Instrumenter.java:108)
	... 32 more
java.lang.instrument.IllegalClassFormatException: Error while instrumenting sun/jvmstat/monitor/LongMonitor.
	at org.jacoco.agent.rt.internal_3570298.CoverageTransformer.transform(CoverageTransformer.java:94)
	at java.instrument/java.lang.instrument.ClassFileTransformer.transform(ClassFileTransformer.java:257)
	at java.instrument/sun.instrument.TransformerManager.transform(TransformerManager.java:188)
	at java.instrument/sun.instrument.InstrumentationImpl.transform(InstrumentationImpl.java:594)
	at java.base/java.lang.ClassLoader.defineClass2(Native Method)
	at java.base/java.lang.ClassLoader.defineClass(ClassLoader.java:1052)
	at java.base/java.security.SecureClassLoader.defineClass(SecureClassLoader.java:176)
	at java.base/jdk.internal.loader.BuiltinClassLoader.defineClass(BuiltinClassLoader.java:735)
	at java.base/jdk.internal.loader.BuiltinClassLoader.findClassInModuleOrNull(BuiltinClassLoader.java:678)
	at java.base/jdk.internal.loader.BuiltinClassLoader.loadClassOrNull(BuiltinClassLoader.java:604)
	at java.base/jdk.internal.loader.BuiltinClassLoader.loadClass(BuiltinClassLoader.java:578)
	at java.base/java.lang.ClassLoader.loadClass(ClassLoader.java:490)
	at java.base/java.lang.ClassLoader.defineClass2(Native Method)
	at java.base/java.lang.ClassLoader.defineClass(ClassLoader.java:1052)
	at java.base/java.security.SecureClassLoader.defineClass(SecureClassLoader.java:176)
	at java.base/jdk.internal.loader.BuiltinClassLoader.defineClass(BuiltinClassLoader.java:735)
	at java.base/jdk.internal.loader.BuiltinClassLoader.findClassInModuleOrNull(BuiltinClassLoader.java:678)
	at java.base/jdk.internal.loader.BuiltinClassLoader.loadClassOrNull(BuiltinClassLoader.java:604)
	at java.base/jdk.internal.loader.BuiltinClassLoader.loadClass(BuiltinClassLoader.java:578)
	at java.base/java.lang.ClassLoader.loadClass(ClassLoader.java:490)
	at jdk.internal.jvmstat/sun.jvmstat.perfdata.monitor.v2_0.PerfDataBuffer.buildPseudoMonitors(PerfDataBuffer.java:250)
	at jdk.internal.jvmstat/sun.jvmstat.perfdata.monitor.v2_0.PerfDataBuffer.buildMonitorMap(PerfDataBuffer.java:128)
	at jdk.internal.jvmstat/sun.jvmstat.perfdata.monitor.PerfDataBufferImpl.findByName(PerfDataBufferImpl.java:244)
	at jdk.internal.jvmstat/sun.jvmstat.perfdata.monitor.AbstractPerfDataBuffer.findByName(AbstractPerfDataBuffer.java:99)
	at jdk.internal.jvmstat/sun.jvmstat.perfdata.monitor.AbstractMonitoredVm.findByName(AbstractMonitoredVm.java:82)
	at jdk.internal.jvmstat/sun.jvmstat.monitor.MonitoredVmUtil.isAttachable(MonitoredVmUtil.java:181)
	at jdk.attach/sun.tools.attach.HotSpotAttachProvider.testAttachable(HotSpotAttachProvider.java:120)
	at jdk.attach/sun.tools.attach.AttachProviderImpl.attachVirtualMachine(AttachProviderImpl.java:54)
	at jdk.attach/com.sun.tools.attach.VirtualMachine.attach(VirtualMachine.java:201)
	at java.base/jdk.internal.reflect.DirectMethodHandleAccessor.invoke(DirectMethodHandleAccessor.java:104)
	at java.base/java.lang.reflect.Method.invoke(Method.java:565)
	at com.code_intelligence.jazzer.third_party.net.bytebuddy.agent.Attacher.install(Attacher.java:102)
	at com.code_intelligence.jazzer.third_party.net.bytebuddy.agent.ByteBuddyAgent.install(ByteBuddyAgent.java:601)
	at com.code_intelligence.jazzer.third_party.net.bytebuddy.agent.ByteBuddyAgent.install(ByteBuddyAgent.java:579)
	at com.code_intelligence.jazzer.third_party.net.bytebuddy.agent.ByteBuddyAgent.install(ByteBuddyAgent.java:531)
	at com.code_intelligence.jazzer.third_party.net.bytebuddy.agent.ByteBuddyAgent.install(ByteBuddyAgent.java:508)
	at com.code_intelligence.jazzer.agent.AgentInstaller.install(AgentInstaller.java:46)
	at com.code_intelligence.jazzer.driver.Driver.start(Driver.java:179)
	at com.code_intelligence.jazzer.Jazzer.start(Jazzer.java:118)
	at com.code_intelligence.jazzer.Jazzer.main(Jazzer.java:71)
Caused by: java.io.IOException: Error while instrumenting sun/jvmstat/monitor/LongMonitor.
	at org.jacoco.agent.rt.internal_3570298.core.instr.Instrumenter.instrumentError(Instrumenter.java:160)
	at org.jacoco.agent.rt.internal_3570298.core.instr.Instrumenter.instrument(Instrumenter.java:110)
	at org.jacoco.agent.rt.internal_3570298.CoverageTransformer.transform(CoverageTransformer.java:92)
	... 39 more
Caused by: java.lang.IllegalArgumentException: Unsupported class file major version 69
	at org.jacoco.agent.rt.internal_3570298.asm.ClassReader.<init>(ClassReader.java:196)
	at org.jacoco.agent.rt.internal_3570298.asm.ClassReader.<init>(ClassReader.java:177)
	at org.jacoco.agent.rt.internal_3570298.asm.ClassReader.<init>(ClassReader.java:163)
	at org.jacoco.agent.rt.internal_3570298.core.internal.instr.InstrSupport.classReaderFor(InstrSupport.java:280)
	at org.jacoco.agent.rt.internal_3570298.core.instr.Instrumenter.instrument(Instrumenter.java:76)
	at org.jacoco.agent.rt.internal_3570298.core.instr.Instrumenter.instrument(Instrumenter.java:108)
	... 40 more
java.lang.instrument.IllegalClassFormatException: Error while instrumenting sun/jvmstat/perfdata/monitor/v2_0/TypeCode.
	at org.jacoco.agent.rt.internal_3570298.CoverageTransformer.transform(CoverageTransformer.java:94)
	at java.instrument/java.lang.instrument.ClassFileTransformer.transform(ClassFileTransformer.java:257)
	at java.instrument/sun.instrument.TransformerManager.transform(TransformerManager.java:188)
	at java.instrument/sun.instrument.InstrumentationImpl.transform(InstrumentationImpl.java:594)
	at java.base/java.lang.ClassLoader.defineClass2(Native Method)
	at java.base/java.lang.ClassLoader.defineClass(ClassLoader.java:1052)
	at java.base/java.security.SecureClassLoader.defineClass(SecureClassLoader.java:176)
	at java.base/jdk.internal.loader.BuiltinClassLoader.defineClass(BuiltinClassLoader.java:735)
	at java.base/jdk.internal.loader.BuiltinClassLoader.findClassInModuleOrNull(BuiltinClassLoader.java:678)
	at java.base/jdk.internal.loader.BuiltinClassLoader.loadClassOrNull(BuiltinClassLoader.java:604)
	at java.base/jdk.internal.loader.BuiltinClassLoader.loadClass(BuiltinClassLoader.java:578)
	at java.base/java.lang.ClassLoader.loadClass(ClassLoader.java:490)
	at jdk.internal.jvmstat/sun.jvmstat.perfdata.monitor.v2_0.PerfDataBuffer.getNextMonitorEntry(PerfDataBuffer.java:350)
	at jdk.internal.jvmstat/sun.jvmstat.perfdata.monitor.v2_0.PerfDataBuffer.buildMonitorMap(PerfDataBuffer.java:141)
	at jdk.internal.jvmstat/sun.jvmstat.perfdata.monitor.PerfDataBufferImpl.findByName(PerfDataBufferImpl.java:244)
	at jdk.internal.jvmstat/sun.jvmstat.perfdata.monitor.AbstractPerfDataBuffer.findByName(AbstractPerfDataBuffer.java:99)
	at jdk.internal.jvmstat/sun.jvmstat.perfdata.monitor.AbstractMonitoredVm.findByName(AbstractMonitoredVm.java:82)
	at jdk.internal.jvmstat/sun.jvmstat.monitor.MonitoredVmUtil.isAttachable(MonitoredVmUtil.java:181)
	at jdk.attach/sun.tools.attach.HotSpotAttachProvider.testAttachable(HotSpotAttachProvider.java:120)
	at jdk.attach/sun.tools.attach.AttachProviderImpl.attachVirtualMachine(AttachProviderImpl.java:54)
	at jdk.attach/com.sun.tools.attach.VirtualMachine.attach(VirtualMachine.java:201)
	at java.base/jdk.internal.reflect.DirectMethodHandleAccessor.invoke(DirectMethodHandleAccessor.java:104)
	at java.base/java.lang.reflect.Method.invoke(Method.java:565)
	at com.code_intelligence.jazzer.third_party.net.bytebuddy.agent.Attacher.install(Attacher.java:102)
	at com.code_intelligence.jazzer.third_party.net.bytebuddy.agent.ByteBuddyAgent.install(ByteBuddyAgent.java:601)
	at com.code_intelligence.jazzer.third_party.net.bytebuddy.agent.ByteBuddyAgent.install(ByteBuddyAgent.java:579)
	at com.code_intelligence.jazzer.third_party.net.bytebuddy.agent.ByteBuddyAgent.install(ByteBuddyAgent.java:531)
	at com.code_intelligence.jazzer.third_party.net.bytebuddy.agent.ByteBuddyAgent.install(ByteBuddyAgent.java:508)
	at com.code_intelligence.jazzer.agent.AgentInstaller.install(AgentInstaller.java:46)
	at com.code_intelligence.jazzer.driver.Driver.start(Driver.java:179)
	at com.code_intelligence.jazzer.Jazzer.start(Jazzer.java:118)
	at com.code_intelligence.jazzer.Jazzer.main(Jazzer.java:71)
Caused by: java.io.IOException: Error while instrumenting sun/jvmstat/perfdata/monitor/v2_0/TypeCode.
	at org.jacoco.agent.rt.internal_3570298.core.instr.Instrumenter.instrumentError(Instrumenter.java:160)
	at org.jacoco.agent.rt.internal_3570298.core.instr.Instrumenter.instrument(Instrumenter.java:110)
	at org.jacoco.agent.rt.internal_3570298.CoverageTransformer.transform(CoverageTransformer.java:92)
	... 31 more
Caused by: java.lang.IllegalArgumentException: Unsupported class file major version 69
	at org.jacoco.agent.rt.internal_3570298.asm.ClassReader.<init>(ClassReader.java:196)
	at org.jacoco.agent.rt.internal_3570298.asm.ClassReader.<init>(ClassReader.java:177)
	at org.jacoco.agent.rt.internal_3570298.asm.ClassReader.<init>(ClassReader.java:163)
	at org.jacoco.agent.rt.internal_3570298.core.internal.instr.InstrSupport.classReaderFor(InstrSupport.java:280)
	at org.jacoco.agent.rt.internal_3570298.core.instr.Instrumenter.instrument(Instrumenter.java:76)
	at org.jacoco.agent.rt.internal_3570298.core.instr.Instrumenter.instrument(Instrumenter.java:108)
	... 32 more
java.lang.instrument.IllegalClassFormatException: Error while instrumenting sun/jvmstat/perfdata/monitor/PerfStringConstantMonitor.
	at org.jacoco.agent.rt.internal_3570298.CoverageTransformer.transform(CoverageTransformer.java:94)
	at java.instrument/java.lang.instrument.ClassFileTransformer.transform(ClassFileTransformer.java:257)
	at java.instrument/sun.instrument.TransformerManager.transform(TransformerManager.java:188)
	at java.instrument/sun.instrument.InstrumentationImpl.transform(InstrumentationImpl.java:594)
	at java.base/java.lang.ClassLoader.defineClass2(Native Method)
	at java.base/java.lang.ClassLoader.defineClass(ClassLoader.java:1052)
	at java.base/java.security.SecureClassLoader.defineClass(SecureClassLoader.java:176)
	at java.base/jdk.internal.loader.BuiltinClassLoader.defineClass(BuiltinClassLoader.java:735)
	at java.base/jdk.internal.loader.BuiltinClassLoader.findClassInModuleOrNull(BuiltinClassLoader.java:678)
	at java.base/jdk.internal.loader.BuiltinClassLoader.loadClassOrNull(BuiltinClassLoader.java:604)
	at java.base/jdk.internal.loader.BuiltinClassLoader.loadClass(BuiltinClassLoader.java:578)
	at java.base/java.lang.ClassLoader.loadClass(ClassLoader.java:490)
	at jdk.internal.jvmstat/sun.jvmstat.perfdata.monitor.v2_0.PerfDataBuffer.getNextMonitorEntry(PerfDataBuffer.java:472)
	at jdk.internal.jvmstat/sun.jvmstat.perfdata.monitor.v2_0.PerfDataBuffer.buildMonitorMap(PerfDataBuffer.java:144)
	at jdk.internal.jvmstat/sun.jvmstat.perfdata.monitor.PerfDataBufferImpl.findByName(PerfDataBufferImpl.java:244)
	at jdk.internal.jvmstat/sun.jvmstat.perfdata.monitor.AbstractPerfDataBuffer.findByName(AbstractPerfDataBuffer.java:99)
	at jdk.internal.jvmstat/sun.jvmstat.perfdata.monitor.AbstractMonitoredVm.findByName(AbstractMonitoredVm.java:82)
	at jdk.internal.jvmstat/sun.jvmstat.monitor.MonitoredVmUtil.isAttachable(MonitoredVmUtil.java:181)
	at jdk.attach/sun.tools.attach.HotSpotAttachProvider.testAttachable(HotSpotAttachProvider.java:120)
	at jdk.attach/sun.tools.attach.AttachProviderImpl.attachVirtualMachine(AttachProviderImpl.java:54)
	at jdk.attach/com.sun.tools.attach.VirtualMachine.attach(VirtualMachine.java:201)
	at java.base/jdk.internal.reflect.DirectMethodHandleAccessor.invoke(DirectMethodHandleAccessor.java:104)
	at java.base/java.lang.reflect.Method.invoke(Method.java:565)
	at com.code_intelligence.jazzer.third_party.net.bytebuddy.agent.Attacher.install(Attacher.java:102)
	at com.code_intelligence.jazzer.third_party.net.bytebuddy.agent.ByteBuddyAgent.install(ByteBuddyAgent.java:601)
	at com.code_intelligence.jazzer.third_party.net.bytebuddy.agent.ByteBuddyAgent.install(ByteBuddyAgent.java:579)
	at com.code_intelligence.jazzer.third_party.net.bytebuddy.agent.ByteBuddyAgent.install(ByteBuddyAgent.java:531)
	at com.code_intelligence.jazzer.third_party.net.bytebuddy.agent.ByteBuddyAgent.install(ByteBuddyAgent.java:508)
	at com.code_intelligence.jazzer.agent.AgentInstaller.install(AgentInstaller.java:46)
	at com.code_intelligence.jazzer.driver.Driver.start(Driver.java:179)
	at com.code_intelligence.jazzer.Jazzer.start(Jazzer.java:118)
	at com.code_intelligence.jazzer.Jazzer.main(Jazzer.java:71)
Caused by: java.io.IOException: Error while instrumenting sun/jvmstat/perfdata/monitor/PerfStringConstantMonitor.
	at org.jacoco.agent.rt.internal_3570298.core.instr.Instrumenter.instrumentError(Instrumenter.java:160)
	at org.jacoco.agent.rt.internal_3570298.core.instr.Instrumenter.instrument(Instrumenter.java:110)
	at org.jacoco.agent.rt.internal_3570298.CoverageTransformer.transform(CoverageTransformer.java:92)
	... 31 more
Caused by: java.lang.IllegalArgumentException: Unsupported class file major version 69
	at org.jacoco.agent.rt.internal_3570298.asm.ClassReader.<init>(ClassReader.java:196)
	at org.jacoco.agent.rt.internal_3570298.asm.ClassReader.<init>(ClassReader.java:177)
	at org.jacoco.agent.rt.internal_3570298.asm.ClassReader.<init>(ClassReader.java:163)
	at org.jacoco.agent.rt.internal_3570298.core.internal.instr.InstrSupport.classReaderFor(InstrSupport.java:280)
	at org.jacoco.agent.rt.internal_3570298.core.instr.Instrumenter.instrument(Instrumenter.java:76)
	at org.jacoco.agent.rt.internal_3570298.core.instr.Instrumenter.instrument(Instrumenter.java:108)
	... 32 more
java.lang.instrument.IllegalClassFormatException: Error while instrumenting sun/jvmstat/perfdata/monitor/PerfStringMonitor.
	at org.jacoco.agent.rt.internal_3570298.CoverageTransformer.transform(CoverageTransformer.java:94)
	at java.instrument/java.lang.instrument.ClassFileTransformer.transform(ClassFileTransformer.java:257)
	at java.instrument/sun.instrument.TransformerManager.transform(TransformerManager.java:188)
	at java.instrument/sun.instrument.InstrumentationImpl.transform(InstrumentationImpl.java:594)
	at java.base/java.lang.ClassLoader.defineClass2(Native Method)
	at java.base/java.lang.ClassLoader.defineClass(ClassLoader.java:1052)
	at java.base/java.security.SecureClassLoader.defineClass(SecureClassLoader.java:176)
	at java.base/jdk.internal.loader.BuiltinClassLoader.defineClass(BuiltinClassLoader.java:735)
	at java.base/jdk.internal.loader.BuiltinClassLoader.findClassInModuleOrNull(BuiltinClassLoader.java:678)
	at java.base/jdk.internal.loader.BuiltinClassLoader.loadClassOrNull(BuiltinClassLoader.java:604)
	at java.base/jdk.internal.loader.BuiltinClassLoader.loadClass(BuiltinClassLoader.java:578)
	at java.base/java.lang.ClassLoader.loadClass(ClassLoader.java:490)
	at java.base/java.lang.ClassLoader.defineClass2(Native Method)
	at java.base/java.lang.ClassLoader.defineClass(ClassLoader.java:1052)
	at java.base/java.security.SecureClassLoader.defineClass(SecureClassLoader.java:176)
	at java.base/jdk.internal.loader.BuiltinClassLoader.defineClass(BuiltinClassLoader.java:735)
	at java.base/jdk.internal.loader.BuiltinClassLoader.findClassInModuleOrNull(BuiltinClassLoader.java:678)
	at java.base/jdk.internal.loader.BuiltinClassLoader.loadClassOrNull(BuiltinClassLoader.java:604)
	at java.base/jdk.internal.loader.BuiltinClassLoader.loadClass(BuiltinClassLoader.java:578)
	at java.base/java.lang.ClassLoader.loadClass(ClassLoader.java:490)
	at jdk.internal.jvmstat/sun.jvmstat.perfdata.monitor.v2_0.PerfDataBuffer.getNextMonitorEntry(PerfDataBuffer.java:472)
	at jdk.internal.jvmstat/sun.jvmstat.perfdata.monitor.v2_0.PerfDataBuffer.buildMonitorMap(PerfDataBuffer.java:144)
	at jdk.internal.jvmstat/sun.jvmstat.perfdata.monitor.PerfDataBufferImpl.findByName(PerfDataBufferImpl.java:244)
	at jdk.internal.jvmstat/sun.jvmstat.perfdata.monitor.AbstractPerfDataBuffer.findByName(AbstractPerfDataBuffer.java:99)
	at jdk.internal.jvmstat/sun.jvmstat.perfdata.monitor.AbstractMonitoredVm.findByName(AbstractMonitoredVm.java:82)
	at jdk.internal.jvmstat/sun.jvmstat.monitor.MonitoredVmUtil.isAttachable(MonitoredVmUtil.java:181)
	at jdk.attach/sun.tools.attach.HotSpotAttachProvider.testAttachable(HotSpotAttachProvider.java:120)
	at jdk.attach/sun.tools.attach.AttachProviderImpl.attachVirtualMachine(AttachProviderImpl.java:54)
	at jdk.attach/com.sun.tools.attach.VirtualMachine.attach(VirtualMachine.java:201)
	at java.base/jdk.internal.reflect.DirectMethodHandleAccessor.invoke(DirectMethodHandleAccessor.java:104)
	at java.base/java.lang.reflect.Method.invoke(Method.java:565)
	at com.code_intelligence.jazzer.third_party.net.bytebuddy.agent.Attacher.install(Attacher.java:102)
	at com.code_intelligence.jazzer.third_party.net.bytebuddy.agent.ByteBuddyAgent.install(ByteBuddyAgent.java:601)
	at com.code_intelligence.jazzer.third_party.net.bytebuddy.agent.ByteBuddyAgent.install(ByteBuddyAgent.java:579)
	at com.code_intelligence.jazzer.third_party.net.bytebuddy.agent.ByteBuddyAgent.install(ByteBuddyAgent.java:531)
	at com.code_intelligence.jazzer.third_party.net.bytebuddy.agent.ByteBuddyAgent.install(ByteBuddyAgent.java:508)
	at com.code_intelligence.jazzer.agent.AgentInstaller.install(AgentInstaller.java:46)
	at com.code_intelligence.jazzer.driver.Driver.start(Driver.java:179)
	at com.code_intelligence.jazzer.Jazzer.start(Jazzer.java:118)
	at com.code_intelligence.jazzer.Jazzer.main(Jazzer.java:71)
Caused by: java.io.IOException: Error while instrumenting sun/jvmstat/perfdata/monitor/PerfStringMonitor.
	at org.jacoco.agent.rt.internal_3570298.core.instr.Instrumenter.instrumentError(Instrumenter.java:160)
	at org.jacoco.agent.rt.internal_3570298.core.instr.Instrumenter.instrument(Instrumenter.java:110)
	at org.jacoco.agent.rt.internal_3570298.CoverageTransformer.transform(CoverageTransformer.java:92)
	... 39 more
Caused by: java.lang.IllegalArgumentException: Unsupported class file major version 69
	at org.jacoco.agent.rt.internal_3570298.asm.ClassReader.<init>(ClassReader.java:196)
	at org.jacoco.agent.rt.internal_3570298.asm.ClassReader.<init>(ClassReader.java:177)
	at org.jacoco.agent.rt.internal_3570298.asm.ClassReader.<init>(ClassReader.java:163)
	at org.jacoco.agent.rt.internal_3570298.core.internal.instr.InstrSupport.classReaderFor(InstrSupport.java:280)
	at org.jacoco.agent.rt.internal_3570298.core.instr.Instrumenter.instrument(Instrumenter.java:76)
	at org.jacoco.agent.rt.internal_3570298.core.instr.Instrumenter.instrument(Instrumenter.java:108)
	... 40 more
java.lang.instrument.IllegalClassFormatException: Error while instrumenting sun/jvmstat/monitor/StringMonitor.
	at org.jacoco.agent.rt.internal_3570298.CoverageTransformer.transform(CoverageTransformer.java:94)
	at java.instrument/java.lang.instrument.ClassFileTransformer.transform(ClassFileTransformer.java:257)
	at java.instrument/sun.instrument.TransformerManager.transform(TransformerManager.java:188)
	at java.instrument/sun.instrument.InstrumentationImpl.transform(InstrumentationImpl.java:594)
	at java.base/java.lang.ClassLoader.defineClass2(Native Method)
	at java.base/java.lang.ClassLoader.defineClass(ClassLoader.java:1052)
	at java.base/java.security.SecureClassLoader.defineClass(SecureClassLoader.java:176)
	at java.base/jdk.internal.loader.BuiltinClassLoader.defineClass(BuiltinClassLoader.java:735)
	at java.base/jdk.internal.loader.BuiltinClassLoader.findClassInModuleOrNull(BuiltinClassLoader.java:678)
	at java.base/jdk.internal.loader.BuiltinClassLoader.loadClassOrNull(BuiltinClassLoader.java:604)
	at java.base/jdk.internal.loader.BuiltinClassLoader.loadClass(BuiltinClassLoader.java:578)
	at java.base/java.lang.ClassLoader.loadClass(ClassLoader.java:490)
	at java.base/java.lang.ClassLoader.defineClass2(Native Method)
	at java.base/java.lang.ClassLoader.defineClass(ClassLoader.java:1052)
	at java.base/java.security.SecureClassLoader.defineClass(SecureClassLoader.java:176)
	at java.base/jdk.internal.loader.BuiltinClassLoader.defineClass(BuiltinClassLoader.java:735)
	at java.base/jdk.internal.loader.BuiltinClassLoader.findClassInModuleOrNull(BuiltinClassLoader.java:678)
	at java.base/jdk.internal.loader.BuiltinClassLoader.loadClassOrNull(BuiltinClassLoader.java:604)
	at java.base/jdk.internal.loader.BuiltinClassLoader.loadClass(BuiltinClassLoader.java:578)
	at java.base/java.lang.ClassLoader.loadClass(ClassLoader.java:490)
	at java.base/java.lang.ClassLoader.defineClass2(Native Method)
	at java.base/java.lang.ClassLoader.defineClass(ClassLoader.java:1052)
	at java.base/java.security.SecureClassLoader.defineClass(SecureClassLoader.java:176)
	at java.base/jdk.internal.loader.BuiltinClassLoader.defineClass(BuiltinClassLoader.java:735)
	at java.base/jdk.internal.loader.BuiltinClassLoader.findClassInModuleOrNull(BuiltinClassLoader.java:678)
	at java.base/jdk.internal.loader.BuiltinClassLoader.loadClassOrNull(BuiltinClassLoader.java:604)
	at java.base/jdk.internal.loader.BuiltinClassLoader.loadClass(BuiltinClassLoader.java:578)
	at java.base/java.lang.ClassLoader.loadClass(ClassLoader.java:490)
	at jdk.internal.jvmstat/sun.jvmstat.perfdata.monitor.v2_0.PerfDataBuffer.getNextMonitorEntry(PerfDataBuffer.java:472)
	at jdk.internal.jvmstat/sun.jvmstat.perfdata.monitor.v2_0.PerfDataBuffer.buildMonitorMap(PerfDataBuffer.java:144)
	at jdk.internal.jvmstat/sun.jvmstat.perfdata.monitor.PerfDataBufferImpl.findByName(PerfDataBufferImpl.java:244)
	at jdk.internal.jvmstat/sun.jvmstat.perfdata.monitor.AbstractPerfDataBuffer.findByName(AbstractPerfDataBuffer.java:99)
	at jdk.internal.jvmstat/sun.jvmstat.perfdata.monitor.AbstractMonitoredVm.findByName(AbstractMonitoredVm.java:82)
	at jdk.internal.jvmstat/sun.jvmstat.monitor.MonitoredVmUtil.isAttachable(MonitoredVmUtil.java:181)
	at jdk.attach/sun.tools.attach.HotSpotAttachProvider.testAttachable(HotSpotAttachProvider.java:120)
	at jdk.attach/sun.tools.attach.AttachProviderImpl.attachVirtualMachine(AttachProviderImpl.java:54)
	at jdk.attach/com.sun.tools.attach.VirtualMachine.attach(VirtualMachine.java:201)
	at java.base/jdk.internal.reflect.DirectMethodHandleAccessor.invoke(DirectMethodHandleAccessor.java:104)
	at java.base/java.lang.reflect.Method.invoke(Method.java:565)
	at com.code_intelligence.jazzer.third_party.net.bytebuddy.agent.Attacher.install(Attacher.java:102)
	at com.code_intelligence.jazzer.third_party.net.bytebuddy.agent.ByteBuddyAgent.install(ByteBuddyAgent.java:601)
	at com.code_intelligence.jazzer.third_party.net.bytebuddy.agent.ByteBuddyAgent.install(ByteBuddyAgent.java:579)
	at com.code_intelligence.jazzer.third_party.net.bytebuddy.agent.ByteBuddyAgent.install(ByteBuddyAgent.java:531)
	at com.code_intelligence.jazzer.third_party.net.bytebuddy.agent.ByteBuddyAgent.install(ByteBuddyAgent.java:508)
	at com.code_intelligence.jazzer.agent.AgentInstaller.install(AgentInstaller.java:46)
	at com.code_intelligence.jazzer.driver.Driver.start(Driver.java:179)
	at com.code_intelligence.jazzer.Jazzer.start(Jazzer.java:118)
	at com.code_intelligence.jazzer.Jazzer.main(Jazzer.java:71)
Caused by: java.io.IOException: Error while instrumenting sun/jvmstat/monitor/StringMonitor.
	at org.jacoco.agent.rt.internal_3570298.core.instr.Instrumenter.instrumentError(Instrumenter.java:160)
	at org.jacoco.agent.rt.internal_3570298.core.instr.Instrumenter.instrument(Instrumenter.java:110)
	at org.jacoco.agent.rt.internal_3570298.CoverageTransformer.transform(CoverageTransformer.java:92)
	... 47 more
Caused by: java.lang.IllegalArgumentException: Unsupported class file major version 69
	at org.jacoco.agent.rt.internal_3570298.asm.ClassReader.<init>(ClassReader.java:196)
	at org.jacoco.agent.rt.internal_3570298.asm.ClassReader.<init>(ClassReader.java:177)
	at org.jacoco.agent.rt.internal_3570298.asm.ClassReader.<init>(ClassReader.java:163)
	at org.jacoco.agent.rt.internal_3570298.core.internal.instr.InstrSupport.classReaderFor(InstrSupport.java:280)
	at org.jacoco.agent.rt.internal_3570298.core.instr.Instrumenter.instrument(Instrumenter.java:76)
	at org.jacoco.agent.rt.internal_3570298.core.instr.Instrumenter.instrument(Instrumenter.java:108)
	... 48 more
java.lang.instrument.IllegalClassFormatException: Error while instrumenting sun/jvmstat/perfdata/monitor/PerfByteArrayMonitor.
	at org.jacoco.agent.rt.internal_3570298.CoverageTransformer.transform(CoverageTransformer.java:94)
	at java.instrument/java.lang.instrument.ClassFileTransformer.transform(ClassFileTransformer.java:257)
	at java.instrument/sun.instrument.TransformerManager.transform(TransformerManager.java:188)
	at java.instrument/sun.instrument.InstrumentationImpl.transform(InstrumentationImpl.java:594)
	at java.base/java.lang.ClassLoader.defineClass2(Native Method)
	at java.base/java.lang.ClassLoader.defineClass(ClassLoader.java:1052)
	at java.base/java.security.SecureClassLoader.defineClass(SecureClassLoader.java:176)
	at java.base/jdk.internal.loader.BuiltinClassLoader.defineClass(BuiltinClassLoader.java:735)
	at java.base/jdk.internal.loader.BuiltinClassLoader.findClassInModuleOrNull(BuiltinClassLoader.java:678)
	at java.base/jdk.internal.loader.BuiltinClassLoader.loadClassOrNull(BuiltinClassLoader.java:604)
	at java.base/jdk.internal.loader.BuiltinClassLoader.loadClass(BuiltinClassLoader.java:578)
	at java.base/java.lang.ClassLoader.loadClass(ClassLoader.java:490)
	at java.base/java.lang.ClassLoader.defineClass2(Native Method)
	at java.base/java.lang.ClassLoader.defineClass(ClassLoader.java:1052)
	at java.base/java.security.SecureClassLoader.defineClass(SecureClassLoader.java:176)
	at java.base/jdk.internal.loader.BuiltinClassLoader.defineClass(BuiltinClassLoader.java:735)
	at java.base/jdk.internal.loader.BuiltinClassLoader.findClassInModuleOrNull(BuiltinClassLoader.java:678)
	at java.base/jdk.internal.loader.BuiltinClassLoader.loadClassOrNull(BuiltinClassLoader.java:604)
	at java.base/jdk.internal.loader.BuiltinClassLoader.loadClass(BuiltinClassLoader.java:578)
	at java.base/java.lang.ClassLoader.loadClass(ClassLoader.java:490)
	at java.base/java.lang.ClassLoader.defineClass2(Native Method)
	at java.base/java.lang.ClassLoader.defineClass(ClassLoader.java:1052)
	at java.base/java.security.SecureClassLoader.defineClass(SecureClassLoader.java:176)
	at java.base/jdk.internal.loader.BuiltinClassLoader.defineClass(BuiltinClassLoader.java:735)
	at java.base/jdk.internal.loader.BuiltinClassLoader.findClassInModuleOrNull(BuiltinClassLoader.java:678)
	at java.base/jdk.internal.loader.BuiltinClassLoader.loadClassOrNull(BuiltinClassLoader.java:604)
	at java.base/jdk.internal.loader.BuiltinClassLoader.loadClass(BuiltinClassLoader.java:578)
	at java.base/java.lang.ClassLoader.loadClass(ClassLoader.java:490)
	at jdk.internal.jvmstat/sun.jvmstat.perfdata.monitor.v2_0.PerfDataBuffer.getNextMonitorEntry(PerfDataBuffer.java:472)
	at jdk.internal.jvmstat/sun.jvmstat.perfdata.monitor.v2_0.PerfDataBuffer.buildMonitorMap(PerfDataBuffer.java:144)
	at jdk.internal.jvmstat/sun.jvmstat.perfdata.monitor.PerfDataBufferImpl.findByName(PerfDataBufferImpl.java:244)
	at jdk.internal.jvmstat/sun.jvmstat.perfdata.monitor.AbstractPerfDataBuffer.findByName(AbstractPerfDataBuffer.java:99)
	at jdk.internal.jvmstat/sun.jvmstat.perfdata.monitor.AbstractMonitoredVm.findByName(AbstractMonitoredVm.java:82)
	at jdk.internal.jvmstat/sun.jvmstat.monitor.MonitoredVmUtil.isAttachable(MonitoredVmUtil.java:181)
	at jdk.attach/sun.tools.attach.HotSpotAttachProvider.testAttachable(HotSpotAttachProvider.java:120)
	at jdk.attach/sun.tools.attach.AttachProviderImpl.attachVirtualMachine(AttachProviderImpl.java:54)
	at jdk.attach/com.sun.tools.attach.VirtualMachine.attach(VirtualMachine.java:201)
	at java.base/jdk.internal.reflect.DirectMethodHandleAccessor.invoke(DirectMethodHandleAccessor.java:104)
	at java.base/java.lang.reflect.Method.invoke(Method.java:565)
	at com.code_intelligence.jazzer.third_party.net.bytebuddy.agent.Attacher.install(Attacher.java:102)
	at com.code_intelligence.jazzer.third_party.net.bytebuddy.agent.ByteBuddyAgent.install(ByteBuddyAgent.java:601)
	at com.code_intelligence.jazzer.third_party.net.bytebuddy.agent.ByteBuddyAgent.install(ByteBuddyAgent.java:579)
	at com.code_intelligence.jazzer.third_party.net.bytebuddy.agent.ByteBuddyAgent.install(ByteBuddyAgent.java:531)
	at com.code_intelligence.jazzer.third_party.net.bytebuddy.agent.ByteBuddyAgent.install(ByteBuddyAgent.java:508)
	at com.code_intelligence.jazzer.agent.AgentInstaller.install(AgentInstaller.java:46)
	at com.code_intelligence.jazzer.driver.Driver.start(Driver.java:179)
	at com.code_intelligence.jazzer.Jazzer.start(Jazzer.java:118)
	at com.code_intelligence.jazzer.Jazzer.main(Jazzer.java:71)
Caused by: java.io.IOException: Error while instrumenting sun/jvmstat/perfdata/monitor/PerfByteArrayMonitor.
	at org.jacoco.agent.rt.internal_3570298.core.instr.Instrumenter.instrumentError(Instrumenter.java:160)
	at org.jacoco.agent.rt.internal_3570298.core.instr.Instrumenter.instrument(Instrumenter.java:110)
	at org.jacoco.agent.rt.internal_3570298.CoverageTransformer.transform(CoverageTransformer.java:92)
	... 47 more
Caused by: java.lang.IllegalArgumentException: Unsupported class file major version 69
	at org.jacoco.agent.rt.internal_3570298.asm.ClassReader.<init>(ClassReader.java:196)
	at org.jacoco.agent.rt.internal_3570298.asm.ClassReader.<init>(ClassReader.java:177)
	at org.jacoco.agent.rt.internal_3570298.asm.ClassReader.<init>(ClassReader.java:163)
	at org.jacoco.agent.rt.internal_3570298.core.internal.instr.InstrSupport.classReaderFor(InstrSupport.java:280)
	at org.jacoco.agent.rt.internal_3570298.core.instr.Instrumenter.instrument(Instrumenter.java:76)
	at org.jacoco.agent.rt.internal_3570298.core.instr.Instrumenter.instrument(Instrumenter.java:108)
	... 48 more
java.lang.instrument.IllegalClassFormatException: Error while instrumenting sun/jvmstat/monitor/ByteArrayMonitor.
	at org.jacoco.agent.rt.internal_3570298.CoverageTransformer.transform(CoverageTransformer.java:94)
	at java.instrument/java.lang.instrument.ClassFileTransformer.transform(ClassFileTransformer.java:257)
	at java.instrument/sun.instrument.TransformerManager.transform(TransformerManager.java:188)
	at java.instrument/sun.instrument.InstrumentationImpl.transform(InstrumentationImpl.java:594)
	at java.base/java.lang.ClassLoader.defineClass2(Native Method)
	at java.base/java.lang.ClassLoader.defineClass(ClassLoader.java:1052)
	at java.base/java.security.SecureClassLoader.defineClass(SecureClassLoader.java:176)
	at java.base/jdk.internal.loader.BuiltinClassLoader.defineClass(BuiltinClassLoader.java:735)
	at java.base/jdk.internal.loader.BuiltinClassLoader.findClassInModuleOrNull(BuiltinClassLoader.java:678)
	at java.base/jdk.internal.loader.BuiltinClassLoader.loadClassOrNull(BuiltinClassLoader.java:604)
	at java.base/jdk.internal.loader.BuiltinClassLoader.loadClass(BuiltinClassLoader.java:578)
	at java.base/java.lang.ClassLoader.loadClass(ClassLoader.java:490)
	at java.base/java.lang.ClassLoader.defineClass2(Native Method)
	at java.base/java.lang.ClassLoader.defineClass(ClassLoader.java:1052)
	at java.base/java.security.SecureClassLoader.defineClass(SecureClassLoader.java:176)
	at java.base/jdk.internal.loader.BuiltinClassLoader.defineClass(BuiltinClassLoader.java:735)
	at java.base/jdk.internal.loader.BuiltinClassLoader.findClassInModuleOrNull(BuiltinClassLoader.java:678)
	at java.base/jdk.internal.loader.BuiltinClassLoader.loadClassOrNull(BuiltinClassLoader.java:604)
	at java.base/jdk.internal.loader.BuiltinClassLoader.loadClass(BuiltinClassLoader.java:578)
	at java.base/java.lang.ClassLoader.loadClass(ClassLoader.java:490)
	at java.base/java.lang.ClassLoader.defineClass2(Native Method)
	at java.base/java.lang.ClassLoader.defineClass(ClassLoader.java:1052)
	at java.base/java.security.SecureClassLoader.defineClass(SecureClassLoader.java:176)
	at java.base/jdk.internal.loader.BuiltinClassLoader.defineClass(BuiltinClassLoader.java:735)
	at java.base/jdk.internal.loader.BuiltinClassLoader.findClassInModuleOrNull(BuiltinClassLoader.java:678)
	at java.base/jdk.internal.loader.BuiltinClassLoader.loadClassOrNull(BuiltinClassLoader.java:604)
	at java.base/jdk.internal.loader.BuiltinClassLoader.loadClass(BuiltinClassLoader.java:578)
	at java.base/java.lang.ClassLoader.loadClass(ClassLoader.java:490)
	at java.base/java.lang.ClassLoader.defineClass2(Native Method)
	at java.base/java.lang.ClassLoader.defineClass(ClassLoader.java:1052)
	at java.base/java.security.SecureClassLoader.defineClass(SecureClassLoader.java:176)
	at java.base/jdk.internal.loader.BuiltinClassLoader.defineClass(BuiltinClassLoader.java:735)
	at java.base/jdk.internal.loader.BuiltinClassLoader.findClassInModuleOrNull(BuiltinClassLoader.java:678)
	at java.base/jdk.internal.loader.BuiltinClassLoader.loadClassOrNull(BuiltinClassLoader.java:604)
	at java.base/jdk.internal.loader.BuiltinClassLoader.loadClass(BuiltinClassLoader.java:578)
	at java.base/java.lang.ClassLoader.loadClass(ClassLoader.java:490)
	at jdk.internal.jvmstat/sun.jvmstat.perfdata.monitor.v2_0.PerfDataBuffer.getNextMonitorEntry(PerfDataBuffer.java:472)
	at jdk.internal.jvmstat/sun.jvmstat.perfdata.monitor.v2_0.PerfDataBuffer.buildMonitorMap(PerfDataBuffer.java:144)
	at jdk.internal.jvmstat/sun.jvmstat.perfdata.monitor.PerfDataBufferImpl.findByName(PerfDataBufferImpl.java:244)
	at jdk.internal.jvmstat/sun.jvmstat.perfdata.monitor.AbstractPerfDataBuffer.findByName(AbstractPerfDataBuffer.java:99)
	at jdk.internal.jvmstat/sun.jvmstat.perfdata.monitor.AbstractMonitoredVm.findByName(AbstractMonitoredVm.java:82)
	at jdk.internal.jvmstat/sun.jvmstat.monitor.MonitoredVmUtil.isAttachable(MonitoredVmUtil.java:181)
	at jdk.attach/sun.tools.attach.HotSpotAttachProvider.testAttachable(HotSpotAttachProvider.java:120)
	at jdk.attach/sun.tools.attach.AttachProviderImpl.attachVirtualMachine(AttachProviderImpl.java:54)
	at jdk.attach/com.sun.tools.attach.VirtualMachine.attach(VirtualMachine.java:201)
	at java.base/jdk.internal.reflect.DirectMethodHandleAccessor.invoke(DirectMethodHandleAccessor.java:104)
	at java.base/java.lang.reflect.Method.invoke(Method.java:565)
	at com.code_intelligence.jazzer.third_party.net.bytebuddy.agent.Attacher.install(Attacher.java:102)
	at com.code_intelligence.jazzer.third_party.net.bytebuddy.agent.ByteBuddyAgent.install(ByteBuddyAgent.java:601)
	at com.code_intelligence.jazzer.third_party.net.bytebuddy.agent.ByteBuddyAgent.install(ByteBuddyAgent.java:579)
	at com.code_intelligence.jazzer.third_party.net.bytebuddy.agent.ByteBuddyAgent.install(ByteBuddyAgent.java:531)
	at com.code_intelligence.jazzer.third_party.net.bytebuddy.agent.ByteBuddyAgent.install(ByteBuddyAgent.java:508)
	at com.code_intelligence.jazzer.agent.AgentInstaller.install(AgentInstaller.java:46)
	at com.code_intelligence.jazzer.driver.Driver.start(Driver.java:179)
	at com.code_intelligence.jazzer.Jazzer.start(Jazzer.java:118)
	at com.code_intelligence.jazzer.Jazzer.main(Jazzer.java:71)
Caused by: java.io.IOException: Error while instrumenting sun/jvmstat/monitor/ByteArrayMonitor.
	at org.jacoco.agent.rt.internal_3570298.core.instr.Instrumenter.instrumentError(Instrumenter.java:160)
	at org.jacoco.agent.rt.internal_3570298.core.instr.Instrumenter.instrument(Instrumenter.java:110)
	at org.jacoco.agent.rt.internal_3570298.CoverageTransformer.transform(CoverageTransformer.java:92)
	... 55 more
Caused by: java.lang.IllegalArgumentException: Unsupported class file major version 69
	at org.jacoco.agent.rt.internal_3570298.asm.ClassReader.<init>(ClassReader.java:196)
	at org.jacoco.agent.rt.internal_3570298.asm.ClassReader.<init>(ClassReader.java:177)
	at org.jacoco.agent.rt.internal_3570298.asm.ClassReader.<init>(ClassReader.java:163)
	at org.jacoco.agent.rt.internal_3570298.core.internal.instr.InstrSupport.classReaderFor(InstrSupport.java:280)
	at org.jacoco.agent.rt.internal_3570298.core.instr.Instrumenter.instrument(Instrumenter.java:76)
	at org.jacoco.agent.rt.internal_3570298.core.instr.Instrumenter.instrument(Instrumenter.java:108)
	... 56 more
java.lang.instrument.IllegalClassFormatException: Error while instrumenting sun/jvmstat/perfdata/monitor/PerfStringVariableMonitor.
	at org.jacoco.agent.rt.internal_3570298.CoverageTransformer.transform(CoverageTransformer.java:94)
	at java.instrument/java.lang.instrument.ClassFileTransformer.transform(ClassFileTransformer.java:257)
	at java.instrument/sun.instrument.TransformerManager.transform(TransformerManager.java:188)
	at java.instrument/sun.instrument.InstrumentationImpl.transform(InstrumentationImpl.java:594)
	at java.base/java.lang.ClassLoader.defineClass2(Native Method)
	at java.base/java.lang.ClassLoader.defineClass(ClassLoader.java:1052)
	at java.base/java.security.SecureClassLoader.defineClass(SecureClassLoader.java:176)
	at java.base/jdk.internal.loader.BuiltinClassLoader.defineClass(BuiltinClassLoader.java:735)
	at java.base/jdk.internal.loader.BuiltinClassLoader.findClassInModuleOrNull(BuiltinClassLoader.java:678)
	at java.base/jdk.internal.loader.BuiltinClassLoader.loadClassOrNull(BuiltinClassLoader.java:604)
	at java.base/jdk.internal.loader.BuiltinClassLoader.loadClass(BuiltinClassLoader.java:578)
	at java.base/java.lang.ClassLoader.loadClass(ClassLoader.java:490)
	at jdk.internal.jvmstat/sun.jvmstat.perfdata.monitor.v2_0.PerfDataBuffer.getNextMonitorEntry(PerfDataBuffer.java:475)
	at jdk.internal.jvmstat/sun.jvmstat.perfdata.monitor.v2_0.PerfDataBuffer.buildMonitorMap(PerfDataBuffer.java:144)
	at jdk.internal.jvmstat/sun.jvmstat.perfdata.monitor.PerfDataBufferImpl.findByName(PerfDataBufferImpl.java:244)
	at jdk.internal.jvmstat/sun.jvmstat.perfdata.monitor.AbstractPerfDataBuffer.findByName(AbstractPerfDataBuffer.java:99)
	at jdk.internal.jvmstat/sun.jvmstat.perfdata.monitor.AbstractMonitoredVm.findByName(AbstractMonitoredVm.java:82)
	at jdk.internal.jvmstat/sun.jvmstat.monitor.MonitoredVmUtil.isAttachable(MonitoredVmUtil.java:181)
	at jdk.attach/sun.tools.attach.HotSpotAttachProvider.testAttachable(HotSpotAttachProvider.java:120)
	at jdk.attach/sun.tools.attach.AttachProviderImpl.attachVirtualMachine(AttachProviderImpl.java:54)
	at jdk.attach/com.sun.tools.attach.VirtualMachine.attach(VirtualMachine.java:201)
	at java.base/jdk.internal.reflect.DirectMethodHandleAccessor.invoke(DirectMethodHandleAccessor.java:104)
	at java.base/java.lang.reflect.Method.invoke(Method.java:565)
	at com.code_intelligence.jazzer.third_party.net.bytebuddy.agent.Attacher.install(Attacher.java:102)
	at com.code_intelligence.jazzer.third_party.net.bytebuddy.agent.ByteBuddyAgent.install(ByteBuddyAgent.java:601)
	at com.code_intelligence.jazzer.third_party.net.bytebuddy.agent.ByteBuddyAgent.install(ByteBuddyAgent.java:579)
	at com.code_intelligence.jazzer.third_party.net.bytebuddy.agent.ByteBuddyAgent.install(ByteBuddyAgent.java:531)
	at com.code_intelligence.jazzer.third_party.net.bytebuddy.agent.ByteBuddyAgent.install(ByteBuddyAgent.java:508)
	at com.code_intelligence.jazzer.agent.AgentInstaller.install(AgentInstaller.java:46)
	at com.code_intelligence.jazzer.driver.Driver.start(Driver.java:179)
	at com.code_intelligence.jazzer.Jazzer.start(Jazzer.java:118)
	at com.code_intelligence.jazzer.Jazzer.main(Jazzer.java:71)
Caused by: java.io.IOException: Error while instrumenting sun/jvmstat/perfdata/monitor/PerfStringVariableMonitor.
	at org.jacoco.agent.rt.internal_3570298.core.instr.Instrumenter.instrumentError(Instrumenter.java:160)
	at org.jacoco.agent.rt.internal_3570298.core.instr.Instrumenter.instrument(Instrumenter.java:110)
	at org.jacoco.agent.rt.internal_3570298.CoverageTransformer.transform(CoverageTransformer.java:92)
	... 31 more
Caused by: java.lang.IllegalArgumentException: Unsupported class file major version 69
	at org.jacoco.agent.rt.internal_3570298.asm.ClassReader.<init>(ClassReader.java:196)
	at org.jacoco.agent.rt.internal_3570298.asm.ClassReader.<init>(ClassReader.java:177)
	at org.jacoco.agent.rt.internal_3570298.asm.ClassReader.<init>(ClassReader.java:163)
	at org.jacoco.agent.rt.internal_3570298.core.internal.instr.InstrSupport.classReaderFor(InstrSupport.java:280)
	at org.jacoco.agent.rt.internal_3570298.core.instr.Instrumenter.instrument(Instrumenter.java:76)
	at org.jacoco.agent.rt.internal_3570298.core.instr.Instrumenter.instrument(Instrumenter.java:108)
	... 32 more
java.lang.instrument.IllegalClassFormatException: Error while instrumenting sun/jvmstat/perfdata/monitor/AliasFileParser.
	at org.jacoco.agent.rt.internal_3570298.CoverageTransformer.transform(CoverageTransformer.java:94)
	at java.instrument/java.lang.instrument.ClassFileTransformer.transform(ClassFileTransformer.java:257)
	at java.instrument/sun.instrument.TransformerManager.transform(TransformerManager.java:188)
	at java.instrument/sun.instrument.InstrumentationImpl.transform(InstrumentationImpl.java:594)
	at java.base/java.lang.ClassLoader.defineClass2(Native Method)
	at java.base/java.lang.ClassLoader.defineClass(ClassLoader.java:1052)
	at java.base/java.security.SecureClassLoader.defineClass(SecureClassLoader.java:176)
	at java.base/jdk.internal.loader.BuiltinClassLoader.defineClass(BuiltinClassLoader.java:735)
	at java.base/jdk.internal.loader.BuiltinClassLoader.findClassInModuleOrNull(BuiltinClassLoader.java:678)
	at java.base/jdk.internal.loader.BuiltinClassLoader.loadClassOrNull(BuiltinClassLoader.java:604)
	at java.base/jdk.internal.loader.BuiltinClassLoader.loadClass(BuiltinClassLoader.java:578)
	at java.base/java.lang.ClassLoader.loadClass(ClassLoader.java:490)
	at jdk.internal.jvmstat/sun.jvmstat.perfdata.monitor.PerfDataBufferImpl.buildAliasMap(PerfDataBufferImpl.java:183)
	at jdk.internal.jvmstat/sun.jvmstat.perfdata.monitor.PerfDataBufferImpl.findByName(PerfDataBufferImpl.java:245)
	at jdk.internal.jvmstat/sun.jvmstat.perfdata.monitor.AbstractPerfDataBuffer.findByName(AbstractPerfDataBuffer.java:99)
	at jdk.internal.jvmstat/sun.jvmstat.perfdata.monitor.AbstractMonitoredVm.findByName(AbstractMonitoredVm.java:82)
	at jdk.internal.jvmstat/sun.jvmstat.monitor.MonitoredVmUtil.isAttachable(MonitoredVmUtil.java:181)
	at jdk.attach/sun.tools.attach.HotSpotAttachProvider.testAttachable(HotSpotAttachProvider.java:120)
	at jdk.attach/sun.tools.attach.AttachProviderImpl.attachVirtualMachine(AttachProviderImpl.java:54)
	at jdk.attach/com.sun.tools.attach.VirtualMachine.attach(VirtualMachine.java:201)
	at java.base/jdk.internal.reflect.DirectMethodHandleAccessor.invoke(DirectMethodHandleAccessor.java:104)
	at java.base/java.lang.reflect.Method.invoke(Method.java:565)
	at com.code_intelligence.jazzer.third_party.net.bytebuddy.agent.Attacher.install(Attacher.java:102)
	at com.code_intelligence.jazzer.third_party.net.bytebuddy.agent.ByteBuddyAgent.install(ByteBuddyAgent.java:601)
	at com.code_intelligence.jazzer.third_party.net.bytebuddy.agent.ByteBuddyAgent.install(ByteBuddyAgent.java:579)
	at com.code_intelligence.jazzer.third_party.net.bytebuddy.agent.ByteBuddyAgent.install(ByteBuddyAgent.java:531)
	at com.code_intelligence.jazzer.third_party.net.bytebuddy.agent.ByteBuddyAgent.install(ByteBuddyAgent.java:508)
	at com.code_intelligence.jazzer.agent.AgentInstaller.install(AgentInstaller.java:46)
	at com.code_intelligence.jazzer.driver.Driver.start(Driver.java:179)
	at com.code_intelligence.jazzer.Jazzer.start(Jazzer.java:118)
	at com.code_intelligence.jazzer.Jazzer.main(Jazzer.java:71)
Caused by: java.io.IOException: Error while instrumenting sun/jvmstat/perfdata/monitor/AliasFileParser.
	at org.jacoco.agent.rt.internal_3570298.core.instr.Instrumenter.instrumentError(Instrumenter.java:160)
	at org.jacoco.agent.rt.internal_3570298.core.instr.Instrumenter.instrument(Instrumenter.java:110)
	at org.jacoco.agent.rt.internal_3570298.CoverageTransformer.transform(CoverageTransformer.java:92)
	... 30 more
Caused by: java.lang.IllegalArgumentException: Unsupported class file major version 69
	at org.jacoco.agent.rt.internal_3570298.asm.ClassReader.<init>(ClassReader.java:196)
	at org.jacoco.agent.rt.internal_3570298.asm.ClassReader.<init>(ClassReader.java:177)
	at org.jacoco.agent.rt.internal_3570298.asm.ClassReader.<init>(ClassReader.java:163)
	at org.jacoco.agent.rt.internal_3570298.core.internal.instr.InstrSupport.classReaderFor(InstrSupport.java:280)
	at org.jacoco.agent.rt.internal_3570298.core.instr.Instrumenter.instrument(Instrumenter.java:76)
	at org.jacoco.agent.rt.internal_3570298.core.instr.Instrumenter.instrument(Instrumenter.java:108)
	... 31 more
java.lang.instrument.IllegalClassFormatException: Error while instrumenting sun/jvmstat/perfdata/monitor/AliasFileParser$Token.
	at org.jacoco.agent.rt.internal_3570298.CoverageTransformer.transform(CoverageTransformer.java:94)
	at java.instrument/java.lang.instrument.ClassFileTransformer.transform(ClassFileTransformer.java:257)
	at java.instrument/sun.instrument.TransformerManager.transform(TransformerManager.java:188)
	at java.instrument/sun.instrument.InstrumentationImpl.transform(InstrumentationImpl.java:594)
	at java.base/java.lang.ClassLoader.defineClass2(Native Method)
	at java.base/java.lang.ClassLoader.defineClass(ClassLoader.java:1052)
	at java.base/java.security.SecureClassLoader.defineClass(SecureClassLoader.java:176)
	at java.base/jdk.internal.loader.BuiltinClassLoader.defineClass(BuiltinClassLoader.java:735)
	at java.base/jdk.internal.loader.BuiltinClassLoader.findClassInModuleOrNull(BuiltinClassLoader.java:678)
	at java.base/jdk.internal.loader.BuiltinClassLoader.loadClassOrNull(BuiltinClassLoader.java:604)
	at java.base/jdk.internal.loader.BuiltinClassLoader.loadClass(BuiltinClassLoader.java:578)
	at java.base/java.lang.ClassLoader.loadClass(ClassLoader.java:490)
	at jdk.internal.jvmstat/sun.jvmstat.perfdata.monitor.AliasFileParser.nextToken(AliasFileParser.java:71)
	at jdk.internal.jvmstat/sun.jvmstat.perfdata.monitor.AliasFileParser.parse(AliasFileParser.java:124)
	at jdk.internal.jvmstat/sun.jvmstat.perfdata.monitor.PerfDataBufferImpl.buildAliasMap(PerfDataBufferImpl.java:186)
	at jdk.internal.jvmstat/sun.jvmstat.perfdata.monitor.PerfDataBufferImpl.findByName(PerfDataBufferImpl.java:245)
	at jdk.internal.jvmstat/sun.jvmstat.perfdata.monitor.AbstractPerfDataBuffer.findByName(AbstractPerfDataBuffer.java:99)
	at jdk.internal.jvmstat/sun.jvmstat.perfdata.monitor.AbstractMonitoredVm.findByName(AbstractMonitoredVm.java:82)
	at jdk.internal.jvmstat/sun.jvmstat.monitor.MonitoredVmUtil.isAttachable(MonitoredVmUtil.java:181)
	at jdk.attach/sun.tools.attach.HotSpotAttachProvider.testAttachable(HotSpotAttachProvider.java:120)
	at jdk.attach/sun.tools.attach.AttachProviderImpl.attachVirtualMachine(AttachProviderImpl.java:54)
	at jdk.attach/com.sun.tools.attach.VirtualMachine.attach(VirtualMachine.java:201)
	at java.base/jdk.internal.reflect.DirectMethodHandleAccessor.invoke(DirectMethodHandleAccessor.java:104)
	at java.base/java.lang.reflect.Method.invoke(Method.java:565)
	at com.code_intelligence.jazzer.third_party.net.bytebuddy.agent.Attacher.install(Attacher.java:102)
	at com.code_intelligence.jazzer.third_party.net.bytebuddy.agent.ByteBuddyAgent.install(ByteBuddyAgent.java:601)
	at com.code_intelligence.jazzer.third_party.net.bytebuddy.agent.ByteBuddyAgent.install(ByteBuddyAgent.java:579)
	at com.code_intelligence.jazzer.third_party.net.bytebuddy.agent.ByteBuddyAgent.install(ByteBuddyAgent.java:531)
	at com.code_intelligence.jazzer.third_party.net.bytebuddy.agent.ByteBuddyAgent.install(ByteBuddyAgent.java:508)
	at com.code_intelligence.jazzer.agent.AgentInstaller.install(AgentInstaller.java:46)
	at com.code_intelligence.jazzer.driver.Driver.start(Driver.java:179)
	at com.code_intelligence.jazzer.Jazzer.start(Jazzer.java:118)
	at com.code_intelligence.jazzer.Jazzer.main(Jazzer.java:71)
Caused by: java.io.IOException: Error while instrumenting sun/jvmstat/perfdata/monitor/AliasFileParser$Token.
	at org.jacoco.agent.rt.internal_3570298.core.instr.Instrumenter.instrumentError(Instrumenter.java:160)
	at org.jacoco.agent.rt.internal_3570298.core.instr.Instrumenter.instrument(Instrumenter.java:110)
	at org.jacoco.agent.rt.internal_3570298.CoverageTransformer.transform(CoverageTransformer.java:92)
	... 32 more
Caused by: java.lang.IllegalArgumentException: Unsupported class file major version 69
	at org.jacoco.agent.rt.internal_3570298.asm.ClassReader.<init>(ClassReader.java:196)
	at org.jacoco.agent.rt.internal_3570298.asm.ClassReader.<init>(ClassReader.java:177)
	at org.jacoco.agent.rt.internal_3570298.asm.ClassReader.<init>(ClassReader.java:163)
	at org.jacoco.agent.rt.internal_3570298.core.internal.instr.InstrSupport.classReaderFor(InstrSupport.java:280)
	at org.jacoco.agent.rt.internal_3570298.core.instr.Instrumenter.instrument(Instrumenter.java:76)
	at org.jacoco.agent.rt.internal_3570298.core.instr.Instrumenter.instrument(Instrumenter.java:108)
	... 33 more
java.lang.instrument.IllegalClassFormatException: Error while instrumenting com/sun/tools/attach/AttachOperationFailedException.
	at org.jacoco.agent.rt.internal_3570298.CoverageTransformer.transform(CoverageTransformer.java:94)
	at java.instrument/java.lang.instrument.ClassFileTransformer.transform(ClassFileTransformer.java:257)
	at java.instrument/sun.instrument.TransformerManager.transform(TransformerManager.java:188)
	at java.instrument/sun.instrument.InstrumentationImpl.transform(InstrumentationImpl.java:594)
	at java.base/java.lang.ClassLoader.defineClass2(Native Method)
	at java.base/java.lang.ClassLoader.defineClass(ClassLoader.java:1052)
	at java.base/java.security.SecureClassLoader.defineClass(SecureClassLoader.java:176)
	at java.base/jdk.internal.loader.BuiltinClassLoader.defineClass(BuiltinClassLoader.java:735)
	at java.base/jdk.internal.loader.BuiltinClassLoader.findClassInModuleOrNull(BuiltinClassLoader.java:678)
	at java.base/jdk.internal.loader.BuiltinClassLoader.loadClassOrNull(BuiltinClassLoader.java:604)
	at java.base/jdk.internal.loader.BuiltinClassLoader.loadClass(BuiltinClassLoader.java:578)
	at java.base/java.lang.ClassLoader.loadClass(ClassLoader.java:490)
	at jdk.attach/sun.tools.attach.AttachProviderImpl.attachVirtualMachine(AttachProviderImpl.java:56)
	at jdk.attach/com.sun.tools.attach.VirtualMachine.attach(VirtualMachine.java:201)
	at java.base/jdk.internal.reflect.DirectMethodHandleAccessor.invoke(DirectMethodHandleAccessor.java:104)
	at java.base/java.lang.reflect.Method.invoke(Method.java:565)
	at com.code_intelligence.jazzer.third_party.net.bytebuddy.agent.Attacher.install(Attacher.java:102)
	at com.code_intelligence.jazzer.third_party.net.bytebuddy.agent.ByteBuddyAgent.install(ByteBuddyAgent.java:601)
	at com.code_intelligence.jazzer.third_party.net.bytebuddy.agent.ByteBuddyAgent.install(ByteBuddyAgent.java:579)
	at com.code_intelligence.jazzer.third_party.net.bytebuddy.agent.ByteBuddyAgent.install(ByteBuddyAgent.java:531)
	at com.code_intelligence.jazzer.third_party.net.bytebuddy.agent.ByteBuddyAgent.install(ByteBuddyAgent.java:508)
	at com.code_intelligence.jazzer.agent.AgentInstaller.install(AgentInstaller.java:46)
	at com.code_intelligence.jazzer.driver.Driver.start(Driver.java:179)
	at com.code_intelligence.jazzer.Jazzer.start(Jazzer.java:118)
	at com.code_intelligence.jazzer.Jazzer.main(Jazzer.java:71)
Caused by: java.io.IOException: Error while instrumenting com/sun/tools/attach/AttachOperationFailedException.
	at org.jacoco.agent.rt.internal_3570298.core.instr.Instrumenter.instrumentError(Instrumenter.java:160)
	at org.jacoco.agent.rt.internal_3570298.core.instr.Instrumenter.instrument(Instrumenter.java:110)
	at org.jacoco.agent.rt.internal_3570298.CoverageTransformer.transform(CoverageTransformer.java:92)
	... 24 more
Caused by: java.lang.IllegalArgumentException: Unsupported class file major version 69
	at org.jacoco.agent.rt.internal_3570298.asm.ClassReader.<init>(ClassReader.java:196)
	at org.jacoco.agent.rt.internal_3570298.asm.ClassReader.<init>(ClassReader.java:177)
	at org.jacoco.agent.rt.internal_3570298.asm.ClassReader.<init>(ClassReader.java:163)
	at org.jacoco.agent.rt.internal_3570298.core.internal.instr.InstrSupport.classReaderFor(InstrSupport.java:280)
	at org.jacoco.agent.rt.internal_3570298.core.instr.Instrumenter.instrument(Instrumenter.java:76)
	at org.jacoco.agent.rt.internal_3570298.core.instr.Instrumenter.instrument(Instrumenter.java:108)
	... 25 more
java.lang.instrument.IllegalClassFormatException: Error while instrumenting sun/tools/attach/HotSpotVirtualMachine$AttachOutputStream.
	at org.jacoco.agent.rt.internal_3570298.CoverageTransformer.transform(CoverageTransformer.java:94)
	at java.instrument/java.lang.instrument.ClassFileTransformer.transform(ClassFileTransformer.java:257)
	at java.instrument/sun.instrument.TransformerManager.transform(TransformerManager.java:188)
	at java.instrument/sun.instrument.InstrumentationImpl.transform(InstrumentationImpl.java:594)
	at java.base/java.lang.ClassLoader.defineClass2(Native Method)
	at java.base/java.lang.ClassLoader.defineClass(ClassLoader.java:1052)
	at java.base/java.security.SecureClassLoader.defineClass(SecureClassLoader.java:176)
	at java.base/jdk.internal.loader.BuiltinClassLoader.defineClass(BuiltinClassLoader.java:735)
	at java.base/jdk.internal.loader.BuiltinClassLoader.findClassInModuleOrNull(BuiltinClassLoader.java:678)
	at java.base/jdk.internal.loader.BuiltinClassLoader.loadClassOrNull(BuiltinClassLoader.java:604)
	at java.base/jdk.internal.loader.BuiltinClassLoader.loadClass(BuiltinClassLoader.java:578)
	at java.base/java.lang.ClassLoader.loadClass(ClassLoader.java:490)
	at jdk.attach/sun.tools.attach.AttachProviderImpl.attachVirtualMachine(AttachProviderImpl.java:56)
	at jdk.attach/com.sun.tools.attach.VirtualMachine.attach(VirtualMachine.java:201)
	at java.base/jdk.internal.reflect.DirectMethodHandleAccessor.invoke(DirectMethodHandleAccessor.java:104)
	at java.base/java.lang.reflect.Method.invoke(Method.java:565)
	at com.code_intelligence.jazzer.third_party.net.bytebuddy.agent.Attacher.install(Attacher.java:102)
	at com.code_intelligence.jazzer.third_party.net.bytebuddy.agent.ByteBuddyAgent.install(ByteBuddyAgent.java:601)
	at com.code_intelligence.jazzer.third_party.net.bytebuddy.agent.ByteBuddyAgent.install(ByteBuddyAgent.java:579)
	at com.code_intelligence.jazzer.third_party.net.bytebuddy.agent.ByteBuddyAgent.install(ByteBuddyAgent.java:531)
	at com.code_intelligence.jazzer.third_party.net.bytebuddy.agent.ByteBuddyAgent.install(ByteBuddyAgent.java:508)
	at com.code_intelligence.jazzer.agent.AgentInstaller.install(AgentInstaller.java:46)
	at com.code_intelligence.jazzer.driver.Driver.start(Driver.java:179)
	at com.code_intelligence.jazzer.Jazzer.start(Jazzer.java:118)
	at com.code_intelligence.jazzer.Jazzer.main(Jazzer.java:71)
Caused by: java.io.IOException: Error while instrumenting sun/tools/attach/HotSpotVirtualMachine$AttachOutputStream.
	at org.jacoco.agent.rt.internal_3570298.core.instr.Instrumenter.instrumentError(Instrumenter.java:160)
	at org.jacoco.agent.rt.internal_3570298.core.instr.Instrumenter.instrument(Instrumenter.java:110)
	at org.jacoco.agent.rt.internal_3570298.CoverageTransformer.transform(CoverageTransformer.java:92)
	... 24 more
Caused by: java.lang.IllegalArgumentException: Unsupported class file major version 69
	at org.jacoco.agent.rt.internal_3570298.asm.ClassReader.<init>(ClassReader.java:196)
	at org.jacoco.agent.rt.internal_3570298.asm.ClassReader.<init>(ClassReader.java:177)
	at org.jacoco.agent.rt.internal_3570298.asm.ClassReader.<init>(ClassReader.java:163)
	at org.jacoco.agent.rt.internal_3570298.core.internal.instr.InstrSupport.classReaderFor(InstrSupport.java:280)
	at org.jacoco.agent.rt.internal_3570298.core.instr.Instrumenter.instrument(Instrumenter.java:76)
	at org.jacoco.agent.rt.internal_3570298.core.instr.Instrumenter.instrument(Instrumenter.java:108)
	... 25 more
java.lang.instrument.IllegalClassFormatException: Error while instrumenting sun/tools/attach/VirtualMachineImpl$SocketInputStreamImpl.
	at org.jacoco.agent.rt.internal_3570298.CoverageTransformer.transform(CoverageTransformer.java:94)
	at java.instrument/java.lang.instrument.ClassFileTransformer.transform(ClassFileTransformer.java:257)
	at java.instrument/sun.instrument.TransformerManager.transform(TransformerManager.java:188)
	at java.instrument/sun.instrument.InstrumentationImpl.transform(InstrumentationImpl.java:594)
	at java.base/java.lang.ClassLoader.defineClass2(Native Method)
	at java.base/java.lang.ClassLoader.defineClass(ClassLoader.java:1052)
	at java.base/java.security.SecureClassLoader.defineClass(SecureClassLoader.java:176)
	at java.base/jdk.internal.loader.BuiltinClassLoader.defineClass(BuiltinClassLoader.java:735)
	at java.base/jdk.internal.loader.BuiltinClassLoader.findClassInModuleOrNull(BuiltinClassLoader.java:678)
	at java.base/jdk.internal.loader.BuiltinClassLoader.loadClassOrNull(BuiltinClassLoader.java:604)
	at java.base/jdk.internal.loader.BuiltinClassLoader.loadClass(BuiltinClassLoader.java:578)
	at java.base/java.lang.ClassLoader.loadClass(ClassLoader.java:490)
	at jdk.attach/sun.tools.attach.AttachProviderImpl.attachVirtualMachine(AttachProviderImpl.java:56)
	at jdk.attach/com.sun.tools.attach.VirtualMachine.attach(VirtualMachine.java:201)
	at java.base/jdk.internal.reflect.DirectMethodHandleAccessor.invoke(DirectMethodHandleAccessor.java:104)
	at java.base/java.lang.reflect.Method.invoke(Method.java:565)
	at com.code_intelligence.jazzer.third_party.net.bytebuddy.agent.Attacher.install(Attacher.java:102)
	at com.code_intelligence.jazzer.third_party.net.bytebuddy.agent.ByteBuddyAgent.install(ByteBuddyAgent.java:601)
	at com.code_intelligence.jazzer.third_party.net.bytebuddy.agent.ByteBuddyAgent.install(ByteBuddyAgent.java:579)
	at com.code_intelligence.jazzer.third_party.net.bytebuddy.agent.ByteBuddyAgent.install(ByteBuddyAgent.java:531)
	at com.code_intelligence.jazzer.third_party.net.bytebuddy.agent.ByteBuddyAgent.install(ByteBuddyAgent.java:508)
	at com.code_intelligence.jazzer.agent.AgentInstaller.install(AgentInstaller.java:46)
	at com.code_intelligence.jazzer.driver.Driver.start(Driver.java:179)
	at com.code_intelligence.jazzer.Jazzer.start(Jazzer.java:118)
	at com.code_intelligence.jazzer.Jazzer.main(Jazzer.java:71)
Caused by: java.io.IOException: Error while instrumenting sun/tools/attach/VirtualMachineImpl$SocketInputStreamImpl.
	at org.jacoco.agent.rt.internal_3570298.core.instr.Instrumenter.instrumentError(Instrumenter.java:160)
	at org.jacoco.agent.rt.internal_3570298.core.instr.Instrumenter.instrument(Instrumenter.java:110)
	at org.jacoco.agent.rt.internal_3570298.CoverageTransformer.transform(CoverageTransformer.java:92)
	... 24 more
Caused by: java.lang.IllegalArgumentException: Unsupported class file major version 69
	at org.jacoco.agent.rt.internal_3570298.asm.ClassReader.<init>(ClassReader.java:196)
	at org.jacoco.agent.rt.internal_3570298.asm.ClassReader.<init>(ClassReader.java:177)
	at org.jacoco.agent.rt.internal_3570298.asm.ClassReader.<init>(ClassReader.java:163)
	at org.jacoco.agent.rt.internal_3570298.core.internal.instr.InstrSupport.classReaderFor(InstrSupport.java:280)
	at org.jacoco.agent.rt.internal_3570298.core.instr.Instrumenter.instrument(Instrumenter.java:76)
	at org.jacoco.agent.rt.internal_3570298.core.instr.Instrumenter.instrument(Instrumenter.java:108)
	... 25 more
java.lang.instrument.IllegalClassFormatException: Error while instrumenting sun/tools/attach/HotSpotVirtualMachine$SocketInputStream.
	at org.jacoco.agent.rt.internal_3570298.CoverageTransformer.transform(CoverageTransformer.java:94)
	at java.instrument/java.lang.instrument.ClassFileTransformer.transform(ClassFileTransformer.java:257)
	at java.instrument/sun.instrument.TransformerManager.transform(TransformerManager.java:188)
	at java.instrument/sun.instrument.InstrumentationImpl.transform(InstrumentationImpl.java:594)
	at java.base/java.lang.ClassLoader.defineClass2(Native Method)
	at java.base/java.lang.ClassLoader.defineClass(ClassLoader.java:1052)
	at java.base/java.security.SecureClassLoader.defineClass(SecureClassLoader.java:176)
	at java.base/jdk.internal.loader.BuiltinClassLoader.defineClass(BuiltinClassLoader.java:735)
	at java.base/jdk.internal.loader.BuiltinClassLoader.findClassInModuleOrNull(BuiltinClassLoader.java:678)
	at java.base/jdk.internal.loader.BuiltinClassLoader.loadClassOrNull(BuiltinClassLoader.java:604)
	at java.base/jdk.internal.loader.BuiltinClassLoader.loadClass(BuiltinClassLoader.java:578)
	at java.base/java.lang.ClassLoader.loadClass(ClassLoader.java:490)
	at java.base/java.lang.ClassLoader.defineClass2(Native Method)
	at java.base/java.lang.ClassLoader.defineClass(ClassLoader.java:1052)
	at java.base/java.security.SecureClassLoader.defineClass(SecureClassLoader.java:176)
	at java.base/jdk.internal.loader.BuiltinClassLoader.defineClass(BuiltinClassLoader.java:735)
	at java.base/jdk.internal.loader.BuiltinClassLoader.findClassInModuleOrNull(BuiltinClassLoader.java:678)
	at java.base/jdk.internal.loader.BuiltinClassLoader.loadClassOrNull(BuiltinClassLoader.java:604)
	at java.base/jdk.internal.loader.BuiltinClassLoader.loadClass(BuiltinClassLoader.java:578)
	at java.base/java.lang.ClassLoader.loadClass(ClassLoader.java:490)
	at jdk.attach/sun.tools.attach.AttachProviderImpl.attachVirtualMachine(AttachProviderImpl.java:56)
	at jdk.attach/com.sun.tools.attach.VirtualMachine.attach(VirtualMachine.java:201)
	at java.base/jdk.internal.reflect.DirectMethodHandleAccessor.invoke(DirectMethodHandleAccessor.java:104)
	at java.base/java.lang.reflect.Method.invoke(Method.java:565)
	at com.code_intelligence.jazzer.third_party.net.bytebuddy.agent.Attacher.install(Attacher.java:102)
	at com.code_intelligence.jazzer.third_party.net.bytebuddy.agent.ByteBuddyAgent.install(ByteBuddyAgent.java:601)
	at com.code_intelligence.jazzer.third_party.net.bytebuddy.agent.ByteBuddyAgent.install(ByteBuddyAgent.java:579)
	at com.code_intelligence.jazzer.third_party.net.bytebuddy.agent.ByteBuddyAgent.install(ByteBuddyAgent.java:531)
	at com.code_intelligence.jazzer.third_party.net.bytebuddy.agent.ByteBuddyAgent.install(ByteBuddyAgent.java:508)
	at com.code_intelligence.jazzer.agent.AgentInstaller.install(AgentInstaller.java:46)
	at com.code_intelligence.jazzer.driver.Driver.start(Driver.java:179)
	at com.code_intelligence.jazzer.Jazzer.start(Jazzer.java:118)
	at com.code_intelligence.jazzer.Jazzer.main(Jazzer.java:71)
Caused by: java.io.IOException: Error while instrumenting sun/tools/attach/HotSpotVirtualMachine$SocketInputStream.
	at org.jacoco.agent.rt.internal_3570298.core.instr.Instrumenter.instrumentError(Instrumenter.java:160)
	at org.jacoco.agent.rt.internal_3570298.core.instr.Instrumenter.instrument(Instrumenter.java:110)
	at org.jacoco.agent.rt.internal_3570298.CoverageTransformer.transform(CoverageTransformer.java:92)
	... 32 more
Caused by: java.lang.IllegalArgumentException: Unsupported class file major version 69
	at org.jacoco.agent.rt.internal_3570298.asm.ClassReader.<init>(ClassReader.java:196)
	at org.jacoco.agent.rt.internal_3570298.asm.ClassReader.<init>(ClassReader.java:177)
	at org.jacoco.agent.rt.internal_3570298.asm.ClassReader.<init>(ClassReader.java:163)
	at org.jacoco.agent.rt.internal_3570298.core.internal.instr.InstrSupport.classReaderFor(InstrSupport.java:280)
	at org.jacoco.agent.rt.internal_3570298.core.instr.Instrumenter.instrument(Instrumenter.java:76)
	at org.jacoco.agent.rt.internal_3570298.core.instr.Instrumenter.instrument(Instrumenter.java:108)
	... 33 more
java.lang.instrument.IllegalClassFormatException: Error while instrumenting sun/tools/attach/HotSpotVirtualMachine$OperationProperties.
	at org.jacoco.agent.rt.internal_3570298.CoverageTransformer.transform(CoverageTransformer.java:94)
	at java.instrument/java.lang.instrument.ClassFileTransformer.transform(ClassFileTransformer.java:257)
	at java.instrument/sun.instrument.TransformerManager.transform(TransformerManager.java:188)
	at java.instrument/sun.instrument.InstrumentationImpl.transform(InstrumentationImpl.java:594)
	at java.base/java.lang.ClassLoader.defineClass2(Native Method)
	at java.base/java.lang.ClassLoader.defineClass(ClassLoader.java:1052)
	at java.base/java.security.SecureClassLoader.defineClass(SecureClassLoader.java:176)
	at java.base/jdk.internal.loader.BuiltinClassLoader.defineClass(BuiltinClassLoader.java:735)
	at java.base/jdk.internal.loader.BuiltinClassLoader.findClassInModuleOrNull(BuiltinClassLoader.java:678)
	at java.base/jdk.internal.loader.BuiltinClassLoader.loadClassOrNull(BuiltinClassLoader.java:604)
	at java.base/jdk.internal.loader.BuiltinClassLoader.loadClass(BuiltinClassLoader.java:578)
	at java.base/java.lang.ClassLoader.loadClass(ClassLoader.java:490)
	at jdk.attach/sun.tools.attach.VirtualMachineImpl.<init>(VirtualMachineImpl.java:61)
	at jdk.attach/sun.tools.attach.AttachProviderImpl.attachVirtualMachine(AttachProviderImpl.java:56)
	at jdk.attach/com.sun.tools.attach.VirtualMachine.attach(VirtualMachine.java:201)
	at java.base/jdk.internal.reflect.DirectMethodHandleAccessor.invoke(DirectMethodHandleAccessor.java:104)
	at java.base/java.lang.reflect.Method.invoke(Method.java:565)
	at com.code_intelligence.jazzer.third_party.net.bytebuddy.agent.Attacher.install(Attacher.java:102)
	at com.code_intelligence.jazzer.third_party.net.bytebuddy.agent.ByteBuddyAgent.install(ByteBuddyAgent.java:601)
	at com.code_intelligence.jazzer.third_party.net.bytebuddy.agent.ByteBuddyAgent.install(ByteBuddyAgent.java:579)
	at com.code_intelligence.jazzer.third_party.net.bytebuddy.agent.ByteBuddyAgent.install(ByteBuddyAgent.java:531)
	at com.code_intelligence.jazzer.third_party.net.bytebuddy.agent.ByteBuddyAgent.install(ByteBuddyAgent.java:508)
	at com.code_intelligence.jazzer.agent.AgentInstaller.install(AgentInstaller.java:46)
	at com.code_intelligence.jazzer.driver.Driver.start(Driver.java:179)
	at com.code_intelligence.jazzer.Jazzer.start(Jazzer.java:118)
	at com.code_intelligence.jazzer.Jazzer.main(Jazzer.java:71)
Caused by: java.io.IOException: Error while instrumenting sun/tools/attach/HotSpotVirtualMachine$OperationProperties.
	at org.jacoco.agent.rt.internal_3570298.core.instr.Instrumenter.instrumentError(Instrumenter.java:160)
	at org.jacoco.agent.rt.internal_3570298.core.instr.Instrumenter.instrument(Instrumenter.java:110)
	at org.jacoco.agent.rt.internal_3570298.CoverageTransformer.transform(CoverageTransformer.java:92)
	... 25 more
Caused by: java.lang.IllegalArgumentException: Unsupported class file major version 69
	at org.jacoco.agent.rt.internal_3570298.asm.ClassReader.<init>(ClassReader.java:196)
	at org.jacoco.agent.rt.internal_3570298.asm.ClassReader.<init>(ClassReader.java:177)
	at org.jacoco.agent.rt.internal_3570298.asm.ClassReader.<init>(ClassReader.java:163)
	at org.jacoco.agent.rt.internal_3570298.core.internal.instr.InstrSupport.classReaderFor(InstrSupport.java:280)
	at org.jacoco.agent.rt.internal_3570298.core.instr.Instrumenter.instrument(Instrumenter.java:76)
	at org.jacoco.agent.rt.internal_3570298.core.instr.Instrumenter.instrument(Instrumenter.java:108)
	... 26 more
java.lang.instrument.IllegalClassFormatException: Error while instrumenting sun/tools/attach/VirtualMachineImpl$SocketOutputStream.
	at org.jacoco.agent.rt.internal_3570298.CoverageTransformer.transform(CoverageTransformer.java:94)
	at java.instrument/java.lang.instrument.ClassFileTransformer.transform(ClassFileTransformer.java:257)
	at java.instrument/sun.instrument.TransformerManager.transform(TransformerManager.java:188)
	at java.instrument/sun.instrument.InstrumentationImpl.transform(InstrumentationImpl.java:594)
	at java.base/java.lang.ClassLoader.defineClass2(Native Method)
	at java.base/java.lang.ClassLoader.defineClass(ClassLoader.java:1052)
	at java.base/java.security.SecureClassLoader.defineClass(SecureClassLoader.java:176)
	at java.base/jdk.internal.loader.BuiltinClassLoader.defineClass(BuiltinClassLoader.java:735)
	at java.base/jdk.internal.loader.BuiltinClassLoader.findClassInModuleOrNull(BuiltinClassLoader.java:678)
	at java.base/jdk.internal.loader.BuiltinClassLoader.loadClassOrNull(BuiltinClassLoader.java:604)
	at java.base/jdk.internal.loader.BuiltinClassLoader.loadClass(BuiltinClassLoader.java:578)
	at java.base/java.lang.ClassLoader.loadClass(ClassLoader.java:490)
	at jdk.attach/sun.tools.attach.VirtualMachineImpl.execute(VirtualMachineImpl.java:182)
	at jdk.attach/sun.tools.attach.HotSpotVirtualMachine.getDefaultProps(HotSpotVirtualMachine.java:373)
	at jdk.attach/sun.tools.attach.VirtualMachineImpl.<init>(VirtualMachineImpl.java:129)
	at jdk.attach/sun.tools.attach.AttachProviderImpl.attachVirtualMachine(AttachProviderImpl.java:56)
	at jdk.attach/com.sun.tools.attach.VirtualMachine.attach(VirtualMachine.java:201)
	at java.base/jdk.internal.reflect.DirectMethodHandleAccessor.invoke(DirectMethodHandleAccessor.java:104)
	at java.base/java.lang.reflect.Method.invoke(Method.java:565)
	at com.code_intelligence.jazzer.third_party.net.bytebuddy.agent.Attacher.install(Attacher.java:102)
	at com.code_intelligence.jazzer.third_party.net.bytebuddy.agent.ByteBuddyAgent.install(ByteBuddyAgent.java:601)
	at com.code_intelligence.jazzer.third_party.net.bytebuddy.agent.ByteBuddyAgent.install(ByteBuddyAgent.java:579)
	at com.code_intelligence.jazzer.third_party.net.bytebuddy.agent.ByteBuddyAgent.install(ByteBuddyAgent.java:531)
	at com.code_intelligence.jazzer.third_party.net.bytebuddy.agent.ByteBuddyAgent.install(ByteBuddyAgent.java:508)
	at com.code_intelligence.jazzer.agent.AgentInstaller.install(AgentInstaller.java:46)
	at com.code_intelligence.jazzer.driver.Driver.start(Driver.java:179)
	at com.code_intelligence.jazzer.Jazzer.start(Jazzer.java:118)
	at com.code_intelligence.jazzer.Jazzer.main(Jazzer.java:71)
Caused by: java.io.IOException: Error while instrumenting sun/tools/attach/VirtualMachineImpl$SocketOutputStream.
	at org.jacoco.agent.rt.internal_3570298.core.instr.Instrumenter.instrumentError(Instrumenter.java:160)
	at org.jacoco.agent.rt.internal_3570298.core.instr.Instrumenter.instrument(Instrumenter.java:110)
	at org.jacoco.agent.rt.internal_3570298.CoverageTransformer.transform(CoverageTransformer.java:92)
	... 27 more
Caused by: java.lang.IllegalArgumentException: Unsupported class file major version 69
	at org.jacoco.agent.rt.internal_3570298.asm.ClassReader.<init>(ClassReader.java:196)
	at org.jacoco.agent.rt.internal_3570298.asm.ClassReader.<init>(ClassReader.java:177)
	at org.jacoco.agent.rt.internal_3570298.asm.ClassReader.<init>(ClassReader.java:163)
	at org.jacoco.agent.rt.internal_3570298.core.internal.instr.InstrSupport.classReaderFor(InstrSupport.java:280)
	at org.jacoco.agent.rt.internal_3570298.core.instr.Instrumenter.instrument(Instrumenter.java:76)
	at org.jacoco.agent.rt.internal_3570298.core.instr.Instrumenter.instrument(Instrumenter.java:108)
	... 28 more
OpenJDK 64-Bit Server VM warning: Sharing is only supported for boot loader classes because bootstrap classpath has been appended
java.lang.instrument.IllegalClassFormatException: Error while instrumenting ch/fmartin/symphony/trello/fuzz/TrelloCardReferenceParserFuzzer.
	at org.jacoco.agent.rt.internal_3570298.CoverageTransformer.transform(CoverageTransformer.java:94)
	at java.instrument/java.lang.instrument.ClassFileTransformer.transform(ClassFileTransformer.java:257)
	at java.instrument/sun.instrument.TransformerManager.transform(TransformerManager.java:188)
	at java.instrument/sun.instrument.InstrumentationImpl.transform(InstrumentationImpl.java:594)
	at java.base/java.lang.ClassLoader.defineClass1(Native Method)
	at java.base/java.lang.ClassLoader.defineClass(ClassLoader.java:962)
	at java.base/java.security.SecureClassLoader.defineClass(SecureClassLoader.java:144)
	at java.base/jdk.internal.loader.BuiltinClassLoader.defineClass(BuiltinClassLoader.java:776)
	at java.base/jdk.internal.loader.BuiltinClassLoader.findClassOnClassPathOrNull(BuiltinClassLoader.java:691)
	at java.base/jdk.internal.loader.BuiltinClassLoader.loadClassOrNull(BuiltinClassLoader.java:620)
	at java.base/jdk.internal.loader.BuiltinClassLoader.loadClass(BuiltinClassLoader.java:578)
	at java.base/java.lang.ClassLoader.loadClass(ClassLoader.java:490)
	at java.base/java.lang.Class.forName0(Native Method)
	at java.base/java.lang.Class.forName(Class.java:547)
	at com.code_intelligence.jazzer.driver.FuzzTargetFinder.findFuzzTarget(FuzzTargetFinder.java:57)
	at com.code_intelligence.jazzer.driver.Driver.start(Driver.java:180)
	at com.code_intelligence.jazzer.Jazzer.start(Jazzer.java:118)
	at com.code_intelligence.jazzer.Jazzer.main(Jazzer.java:71)
Caused by: java.io.IOException: Error while instrumenting ch/fmartin/symphony/trello/fuzz/TrelloCardReferenceParserFuzzer.
	at org.jacoco.agent.rt.internal_3570298.core.instr.Instrumenter.instrumentError(Instrumenter.java:160)
	at org.jacoco.agent.rt.internal_3570298.core.instr.Instrumenter.instrument(Instrumenter.java:110)
	at org.jacoco.agent.rt.internal_3570298.CoverageTransformer.transform(CoverageTransformer.java:92)
	... 17 more
Caused by: java.lang.IllegalArgumentException: Unsupported class file major version 69
	at org.jacoco.agent.rt.internal_3570298.asm.ClassReader.<init>(ClassReader.java:196)
	at org.jacoco.agent.rt.internal_3570298.asm.ClassReader.<init>(ClassReader.java:177)
	at org.jacoco.agent.rt.internal_3570298.asm.ClassReader.<init>(ClassReader.java:163)
	at org.jacoco.agent.rt.internal_3570298.core.internal.instr.InstrSupport.classReaderFor(InstrSupport.java:280)
	at org.jacoco.agent.rt.internal_3570298.core.instr.Instrumenter.instrument(Instrumenter.java:76)
	at org.jacoco.agent.rt.internal_3570298.core.instr.Instrumenter.instrument(Instrumenter.java:108)
	... 18 more
WARNING: A terminally deprecated method in sun.misc.Unsafe has been called
WARNING: sun.misc.Unsafe::arrayBaseOffset has been called by com.code_intelligence.jazzer.driver.FuzzTargetRunner (file:/github/workspace/build-out/jazzer_agent_deploy.jar)
WARNING: Please consider reporting this to the maintainers of class com.code_intelligence.jazzer.driver.FuzzTargetRunner
WARNING: sun.misc.Unsafe::arrayBaseOffset will be removed in a future release
WARNING: A restricted method in java.lang.System has been called
WARNING: java.lang.System::load has been called by com.code_intelligence.jazzer.third_party.com.github.fmeum.rules_jni.RulesJni in an unnamed module (file:/github/workspace/build-out/jazzer_agent_deploy.jar)
WARNING: Use --enable-native-access=ALL-UNNAMED to avoid a warning for callers in this module
WARNING: Restricted methods will be blocked in a future release unless native access is enabled

INFO: using inputs from: /github/workspace/build-out/dummy_corpus_dir_for_TrelloCardReferenceParserFuzzer
INFO: using inputs from: /github/workspace/cifuzz-corpus/TrelloCardReferenceParserFuzzer
INFO: found LLVMFuzzerCustomMutator (0x7f1671a6cab0). Disabling -len_control by default.
INFO: libFuzzer ignores flags that start with '--'
INFO: Running with entropic power schedule (0xFF, 100).
INFO: Seed: 4151935256
INFO: -max_len is not provided; libFuzzer will not generate inputs larger than 1048576 bytes
MERGE-INNER: using the control file '/tmp/libFuzzerTemp.Merge170.txt'
MERGE-INNER: 91 total files; 0 processed earlier; will process 91 files now
java.lang.instrument.IllegalClassFormatException: Error while instrumenting ch/fmartin/symphony/trello/tracker/TrelloReferenceFuzzInvariants.
	at org.jacoco.agent.rt.internal_3570298.CoverageTransformer.transform(CoverageTransformer.java:94)
	at java.instrument/java.lang.instrument.ClassFileTransformer.transform(ClassFileTransformer.java:257)
	at java.instrument/sun.instrument.TransformerManager.transform(TransformerManager.java:188)
	at java.instrument/sun.instrument.InstrumentationImpl.transform(InstrumentationImpl.java:594)
	at java.base/java.lang.ClassLoader.defineClass1(Native Method)
	at java.base/java.lang.ClassLoader.defineClass(ClassLoader.java:962)
	at java.base/java.security.SecureClassLoader.defineClass(SecureClassLoader.java:144)
	at java.base/jdk.internal.loader.BuiltinClassLoader.defineClass(BuiltinClassLoader.java:776)
	at java.base/jdk.internal.loader.BuiltinClassLoader.findClassOnClassPathOrNull(BuiltinClassLoader.java:691)
	at java.base/jdk.internal.loader.BuiltinClassLoader.loadClassOrNull(BuiltinClassLoader.java:620)
	at java.base/jdk.internal.loader.BuiltinClassLoader.loadClass(BuiltinClassLoader.java:578)
	at java.base/java.lang.ClassLoader.loadClass(ClassLoader.java:490)
	at ch.fmartin.symphony.trello.fuzz.TrelloCardReferenceParserFuzzer.fuzzerTestOneInput(TrelloCardReferenceParserFuzzer.java:12)
	at com.code_intelligence.jazzer.driver.FuzzTargetRunner.runOne(FuzzTargetRunner.java:234)
	at com.code_intelligence.jazzer.runtime.FuzzTargetRunnerNatives.startLibFuzzer(Native Method)
	at com.code_intelligence.jazzer.driver.FuzzTargetRunner.startLibFuzzer(FuzzTargetRunner.java:551)
	at com.code_intelligence.jazzer.driver.FuzzTargetRunner.startLibFuzzer(FuzzTargetRunner.java:441)
	at com.code_intelligence.jazzer.driver.Driver.start(Driver.java:181)
	at com.code_intelligence.jazzer.Jazzer.start(Jazzer.java:118)
	at com.code_intelligence.jazzer.Jazzer.main(Jazzer.java:71)
Caused by: java.io.IOException: Error while instrumenting ch/fmartin/symphony/trello/tracker/TrelloReferenceFuzzInvariants.
	at org.jacoco.agent.rt.internal_3570298.core.instr.Instrumenter.instrumentError(Instrumenter.java:160)
	at org.jacoco.agent.rt.internal_3570298.core.instr.Instrumenter.instrument(Instrumenter.java:110)
	at org.jacoco.agent.rt.internal_3570298.CoverageTransformer.transform(CoverageTransformer.java:92)
	... 19 more
Caused by: java.lang.IllegalArgumentException: Unsupported class file major version 69
	at org.jacoco.agent.rt.internal_3570298.asm.ClassReader.<init>(ClassReader.java:196)
	at org.jacoco.agent.rt.internal_3570298.asm.ClassReader.<init>(ClassReader.java:177)
	at org.jacoco.agent.rt.internal_3570298.asm.ClassReader.<init>(ClassReader.java:163)
	at org.jacoco.agent.rt.internal_3570298.core.internal.instr.InstrSupport.classReaderFor(InstrSupport.java:280)
	at org.jacoco.agent.rt.internal_3570298.core.instr.Instrumenter.instrument(Instrumenter.java:76)
	at org.jacoco.agent.rt.internal_3570298.core.instr.Instrumenter.instrument(Instrumenter.java:108)
	... 20 more
java.lang.instrument.IllegalClassFormatException: Error while instrumenting ch/fmartin/symphony/trello/tracker/TrelloReferenceFuzzInvariants$ReferenceParsingResult.
	at org.jacoco.agent.rt.internal_3570298.CoverageTransformer.transform(CoverageTransformer.java:94)
	at java.instrument/java.lang.instrument.ClassFileTransformer.transform(ClassFileTransformer.java:257)
	at java.instrument/sun.instrument.TransformerManager.transform(TransformerManager.java:188)
	at java.instrument/sun.instrument.InstrumentationImpl.transform(InstrumentationImpl.java:594)
	at java.base/java.lang.ClassLoader.defineClass1(Native Method)
	at java.base/java.lang.ClassLoader.defineClass(ClassLoader.java:962)
	at java.base/java.security.SecureClassLoader.defineClass(SecureClassLoader.java:144)
	at java.base/jdk.internal.loader.BuiltinClassLoader.defineClass(BuiltinClassLoader.java:776)
	at java.base/jdk.internal.loader.BuiltinClassLoader.findClassOnClassPathOrNull(BuiltinClassLoader.java:691)
	at java.base/jdk.internal.loader.BuiltinClassLoader.loadClassOrNull(BuiltinClassLoader.java:620)
	at java.base/jdk.internal.loader.BuiltinClassLoader.loadClass(BuiltinClassLoader.java:578)
	at java.base/java.lang.ClassLoader.loadClass(ClassLoader.java:490)
	at ch.fmartin.symphony.trello.tracker.TrelloReferenceFuzzInvariants.parseReferences(TrelloReferenceFuzzInvariants.java:16)
	at ch.fmartin.symphony.trello.fuzz.TrelloCardReferenceParserFuzzer.fuzzerTestOneInput(TrelloCardReferenceParserFuzzer.java:12)
	at com.code_intelligence.jazzer.driver.FuzzTargetRunner.runOne(FuzzTargetRunner.java:234)
	at com.code_intelligence.jazzer.runtime.FuzzTargetRunnerNatives.startLibFuzzer(Native Method)
	at com.code_intelligence.jazzer.driver.FuzzTargetRunner.startLibFuzzer(FuzzTargetRunner.java:551)
	at com.code_intelligence.jazzer.driver.FuzzTargetRunner.startLibFuzzer(FuzzTargetRunner.java:441)
	at com.code_intelligence.jazzer.driver.Driver.start(Driver.java:181)
	at com.code_intelligence.jazzer.Jazzer.start(Jazzer.java:118)
	at com.code_intelligence.jazzer.Jazzer.main(Jazzer.java:71)
Caused by: java.io.IOException: Error while instrumenting ch/fmartin/symphony/trello/tracker/TrelloReferenceFuzzInvariants$ReferenceParsingResult.
	at org.jacoco.agent.rt.internal_3570298.core.instr.Instrumenter.instrumentError(Instrumenter.java:160)
	at org.jacoco.agent.rt.internal_3570298.core.instr.Instrumenter.instrument(Instrumenter.java:110)
	at org.jacoco.agent.rt.internal_3570298.CoverageTransformer.transform(CoverageTransformer.java:92)
	... 20 more
Caused by: java.lang.IllegalArgumentException: Unsupported class file major version 69
	at org.jacoco.agent.rt.internal_3570298.asm.ClassReader.<init>(ClassReader.java:196)
	at org.jacoco.agent.rt.internal_3570298.asm.ClassReader.<init>(ClassReader.java:177)
	at org.jacoco.agent.rt.internal_3570298.asm.ClassReader.<init>(ClassReader.java:163)
	at org.jacoco.agent.rt.internal_3570298.core.internal.instr.InstrSupport.classReaderFor(InstrSupport.java:280)
	at org.jacoco.agent.rt.internal_3570298.core.instr.Instrumenter.instrument(Instrumenter.java:76)
	at org.jacoco.agent.rt.internal_3570298.core.instr.Instrumenter.instrument(Instrumenter.java:108)
	... 21 more
java.lang.instrument.IllegalClassFormatException: Error while instrumenting ch/fmartin/symphony/trello/tracker/TrelloCardReferenceParser.
	at org.jacoco.agent.rt.internal_3570298.CoverageTransformer.transform(CoverageTransformer.java:94)
	at java.instrument/java.lang.instrument.ClassFileTransformer.transform(ClassFileTransformer.java:257)
	at java.instrument/sun.instrument.TransformerManager.transform(TransformerManager.java:188)
	at java.instrument/sun.instrument.InstrumentationImpl.transform(InstrumentationImpl.java:594)
	at java.base/java.lang.ClassLoader.defineClass1(Native Method)
	at java.base/java.lang.ClassLoader.defineClass(ClassLoader.java:962)
	at java.base/java.security.SecureClassLoader.defineClass(SecureClassLoader.java:144)
	at java.base/jdk.internal.loader.BuiltinClassLoader.defineClass(BuiltinClassLoader.java:776)
	at java.base/jdk.internal.loader.BuiltinClassLoader.findClassOnClassPathOrNull(BuiltinClassLoader.java:691)
	at java.base/jdk.internal.loader.BuiltinClassLoader.loadClassOrNull(BuiltinClassLoader.java:620)
	at java.base/jdk.internal.loader.BuiltinClassLoader.loadClass(BuiltinClassLoader.java:578)
	at java.base/java.lang.ClassLoader.loadClass(ClassLoader.java:490)
	at ch.fmartin.symphony.trello.tracker.TrelloReferenceFuzzInvariants.parseReferences(TrelloReferenceFuzzInvariants.java:17)
	at ch.fmartin.symphony.trello.fuzz.TrelloCardReferenceParserFuzzer.fuzzerTestOneInput(TrelloCardReferenceParserFuzzer.java:12)
	at com.code_intelligence.jazzer.driver.FuzzTargetRunner.runOne(FuzzTargetRunner.java:234)
	at com.code_intelligence.jazzer.runtime.FuzzTargetRunnerNatives.startLibFuzzer(Native Method)
	at com.code_intelligence.jazzer.driver.FuzzTargetRunner.startLibFuzzer(FuzzTargetRunner.java:551)
	at com.code_intelligence.jazzer.driver.FuzzTargetRunner.startLibFuzzer(FuzzTargetRunner.java:441)
	at com.code_intelligence.jazzer.driver.Driver.start(Driver.java:181)
	at com.code_intelligence.jazzer.Jazzer.start(Jazzer.java:118)
	at com.code_intelligence.jazzer.Jazzer.main(Jazzer.java:71)
Caused by: java.io.IOException: Error while instrumenting ch/fmartin/symphony/trello/tracker/TrelloCardReferenceParser.
	at org.jacoco.agent.rt.internal_3570298.core.instr.Instrumenter.instrumentError(Instrumenter.java:160)
	at org.jacoco.agent.rt.internal_3570298.core.instr.Instrumenter.instrument(Instrumenter.java:110)
	at org.jacoco.agent.rt.internal_3570298.CoverageTransformer.transform(CoverageTransformer.java:92)
	... 20 more
Caused by: java.lang.IllegalArgumentException: Unsupported class file major version 69
	at org.jacoco.agent.rt.internal_3570298.asm.ClassReader.<init>(ClassReader.java:196)
	at org.jacoco.agent.rt.internal_3570298.asm.ClassReader.<init>(ClassReader.java:177)
	at org.jacoco.agent.rt.internal_3570298.asm.ClassReader.<init>(ClassReader.java:163)
	at org.jacoco.agent.rt.internal_3570298.core.internal.instr.InstrSupport.classReaderFor(InstrSupport.java:280)
	at org.jacoco.agent.rt.internal_3570298.core.instr.Instrumenter.instrument(Instrumenter.java:76)
	at org.jacoco.agent.rt.internal_3570298.core.instr.Instrumenter.instrument(Instrumenter.java:108)
	... 21 more
java.lang.instrument.IllegalClassFormatException: Error while instrumenting ch/fmartin/symphony/trello/tracker/TrelloCardReference.
	at org.jacoco.agent.rt.internal_3570298.CoverageTransformer.transform(CoverageTransformer.java:94)
	at java.instrument/java.lang.instrument.ClassFileTransformer.transform(ClassFileTransformer.java:257)
	at java.instrument/sun.instrument.TransformerManager.transform(TransformerManager.java:188)
	at java.instrument/sun.instrument.InstrumentationImpl.transform(InstrumentationImpl.java:594)
	at java.base/java.lang.ClassLoader.defineClass1(Native Method)
	at java.base/java.lang.ClassLoader.defineClass(ClassLoader.java:962)
	at java.base/java.security.SecureClassLoader.defineClass(SecureClassLoader.java:144)
	at java.base/jdk.internal.loader.BuiltinClassLoader.defineClass(BuiltinClassLoader.java:776)
	at java.base/jdk.internal.loader.BuiltinClassLoader.findClassOnClassPathOrNull(BuiltinClassLoader.java:691)
	at java.base/jdk.internal.loader.BuiltinClassLoader.loadClassOrNull(BuiltinClassLoader.java:620)
	at java.base/jdk.internal.loader.BuiltinClassLoader.loadClass(BuiltinClassLoader.java:578)
	at java.base/java.lang.ClassLoader.loadClass(ClassLoader.java:490)
	at ch.fmartin.symphony.trello.tracker.TrelloReferenceFuzzInvariants.parseReferences(TrelloReferenceFuzzInvariants.java:18)
	at ch.fmartin.symphony.trello.fuzz.TrelloCardReferenceParserFuzzer.fuzzerTestOneInput(TrelloCardReferenceParserFuzzer.java:12)
	at com.code_intelligence.jazzer.driver.FuzzTargetRunner.runOne(FuzzTargetRunner.java:234)
	at com.code_intelligence.jazzer.runtime.FuzzTargetRunnerNatives.startLibFuzzer(Native Method)
	at com.code_intelligence.jazzer.driver.FuzzTargetRunner.startLibFuzzer(FuzzTargetRunner.java:551)
	at com.code_intelligence.jazzer.driver.FuzzTargetRunner.startLibFuzzer(FuzzTargetRunner.java:441)
	at com.code_intelligence.jazzer.driver.Driver.start(Driver.java:181)
	at com.code_intelligence.jazzer.Jazzer.start(Jazzer.java:118)
	at com.code_intelligence.jazzer.Jazzer.main(Jazzer.java:71)
Caused by: java.io.IOException: Error while instrumenting ch/fmartin/symphony/trello/tracker/TrelloCardReference.
	at org.jacoco.agent.rt.internal_3570298.core.instr.Instrumenter.instrumentError(Instrumenter.java:160)
	at org.jacoco.agent.rt.internal_3570298.core.instr.Instrumenter.instrument(Instrumenter.java:110)
	at org.jacoco.agent.rt.internal_3570298.CoverageTransformer.transform(CoverageTransformer.java:92)
	... 20 more
Caused by: java.lang.IllegalArgumentException: Unsupported class file major version 69
	at org.jacoco.agent.rt.internal_3570298.asm.ClassReader.<init>(ClassReader.java:196)
	at org.jacoco.agent.rt.internal_3570298.asm.ClassReader.<init>(ClassReader.java:177)
	at org.jacoco.agent.rt.internal_3570298.asm.ClassReader.<init>(ClassReader.java:163)
	at org.jacoco.agent.rt.internal_3570298.core.internal.instr.InstrSupport.classReaderFor(InstrSupport.java:280)
	at org.jacoco.agent.rt.internal_3570298.core.instr.Instrumenter.instrument(Instrumenter.java:76)
	at org.jacoco.agent.rt.internal_3570298.core.instr.Instrumenter.instrument(Instrumenter.java:108)
	... 21 more
java.lang.instrument.IllegalClassFormatException: Error while instrumenting ch/fmartin/symphony/trello/tracker/TrelloReferenceFuzzInvariants$ParsedReference.
	at org.jacoco.agent.rt.internal_3570298.CoverageTransformer.transform(CoverageTransformer.java:94)
	at java.instrument/java.lang.instrument.ClassFileTransformer.transform(ClassFileTransformer.java:257)
	at java.instrument/sun.instrument.TransformerManager.transform(TransformerManager.java:188)
	at java.instrument/sun.instrument.InstrumentationImpl.transform(InstrumentationImpl.java:594)
	at java.base/java.lang.ClassLoader.defineClass1(Native Method)
	at java.base/java.lang.ClassLoader.defineClass(ClassLoader.java:962)
	at java.base/java.security.SecureClassLoader.defineClass(SecureClassLoader.java:144)
	at java.base/jdk.internal.loader.BuiltinClassLoader.defineClass(BuiltinClassLoader.java:776)
	at java.base/jdk.internal.loader.BuiltinClassLoader.findClassOnClassPathOrNull(BuiltinClassLoader.java:691)
	at java.base/jdk.internal.loader.BuiltinClassLoader.loadClassOrNull(BuiltinClassLoader.java:620)
	at java.base/jdk.internal.loader.BuiltinClassLoader.loadClass(BuiltinClassLoader.java:578)
	at java.base/java.lang.ClassLoader.loadClass(ClassLoader.java:490)
	at ch.fmartin.symphony.trello.tracker.TrelloReferenceFuzzInvariants.parseReferences(TrelloReferenceFuzzInvariants.java:18)
	at ch.fmartin.symphony.trello.fuzz.TrelloCardReferenceParserFuzzer.fuzzerTestOneInput(TrelloCardReferenceParserFuzzer.java:12)
	at com.code_intelligence.jazzer.driver.FuzzTargetRunner.runOne(FuzzTargetRunner.java:234)
	at com.code_intelligence.jazzer.runtime.FuzzTargetRunnerNatives.startLibFuzzer(Native Method)
	at com.code_intelligence.jazzer.driver.FuzzTargetRunner.startLibFuzzer(FuzzTargetRunner.java:551)
	at com.code_intelligence.jazzer.driver.FuzzTargetRunner.startLibFuzzer(FuzzTargetRunner.java:441)
	at com.code_intelligence.jazzer.driver.Driver.start(Driver.java:181)
	at com.code_intelligence.jazzer.Jazzer.start(Jazzer.java:118)
	at com.code_intelligence.jazzer.Jazzer.main(Jazzer.java:71)
Caused by: java.io.IOException: Error while instrumenting ch/fmartin/symphony/trello/tracker/TrelloReferenceFuzzInvariants$ParsedReference.
	at org.jacoco.agent.rt.internal_3570298.core.instr.Instrumenter.instrumentError(Instrumenter.java:160)
	at org.jacoco.agent.rt.internal_3570298.core.instr.Instrumenter.instrument(Instrumenter.java:110)
	at org.jacoco.agent.rt.internal_3570298.CoverageTransformer.transform(CoverageTransformer.java:92)
	... 20 more
Caused by: java.lang.IllegalArgumentException: Unsupported class file major version 69
	at org.jacoco.agent.rt.internal_3570298.asm.ClassReader.<init>(ClassReader.java:196)
	at org.jacoco.agent.rt.internal_3570298.asm.ClassReader.<init>(ClassReader.java:177)
	at org.jacoco.agent.rt.internal_3570298.asm.ClassReader.<init>(ClassReader.java:163)
	at org.jacoco.agent.rt.internal_3570298.core.internal.instr.InstrSupport.classReaderFor(InstrSupport.java:280)
	at org.jacoco.agent.rt.internal_3570298.core.instr.Instrumenter.instrument(Instrumenter.java:76)
	at org.jacoco.agent.rt.internal_3570298.core.instr.Instrumenter.instrument(Instrumenter.java:108)
	... 21 more
#1	pulse  exec/s: 0 rss: 171Mb
java.lang.instrument.IllegalClassFormatException: Error while instrumenting ch/fmartin/symphony/trello/tracker/TrelloCardReferenceParser$ReferencedRange.
	at org.jacoco.agent.rt.internal_3570298.CoverageTransformer.transform(CoverageTransformer.java:94)
	at java.instrument/java.lang.instrument.ClassFileTransformer.transform(ClassFileTransformer.java:257)
	at java.instrument/sun.instrument.TransformerManager.transform(TransformerManager.java:188)
	at java.instrument/sun.instrument.InstrumentationImpl.transform(InstrumentationImpl.java:594)
	at java.base/java.lang.ClassLoader.defineClass1(Native Method)
	at java.base/java.lang.ClassLoader.defineClass(ClassLoader.java:962)
	at java.base/java.security.SecureClassLoader.defineClass(SecureClassLoader.java:144)
	at java.base/jdk.internal.loader.BuiltinClassLoader.defineClass(BuiltinClassLoader.java:776)
	at java.base/jdk.internal.loader.BuiltinClassLoader.findClassOnClassPathOrNull(BuiltinClassLoader.java:691)
	at java.base/jdk.internal.loader.BuiltinClassLoader.loadClassOrNull(BuiltinClassLoader.java:620)
	at java.base/jdk.internal.loader.BuiltinClassLoader.loadClass(BuiltinClassLoader.java:578)
	at java.base/java.lang.ClassLoader.loadClass(ClassLoader.java:490)
	at ch.fmartin.symphony.trello.tracker.TrelloCardReferenceParser.referencesIn(TrelloCardReferenceParser.java:40)
	at ch.fmartin.symphony.trello.tracker.TrelloReferenceFuzzInvariants.parseReferences(TrelloReferenceFuzzInvariants.java:18)
	at ch.fmartin.symphony.trello.fuzz.TrelloCardReferenceParserFuzzer.fuzzerTestOneInput(TrelloCardReferenceParserFuzzer.java:12)
	at com.code_intelligence.jazzer.driver.FuzzTargetRunner.runOne(FuzzTargetRunner.java:234)
	at com.code_intelligence.jazzer.runtime.FuzzTargetRunnerNatives.startLibFuzzer(Native Method)
	at com.code_intelligence.jazzer.driver.FuzzTargetRunner.startLibFuzzer(FuzzTargetRunner.java:551)
	at com.code_intelligence.jazzer.driver.FuzzTargetRunner.startLibFuzzer(FuzzTargetRunner.java:441)
	at com.code_intelligence.jazzer.driver.Driver.start(Driver.java:181)
	at com.code_intelligence.jazzer.Jazzer.start(Jazzer.java:118)
	at com.code_intelligence.jazzer.Jazzer.main(Jazzer.java:71)
Caused by: java.io.IOException: Error while instrumenting ch/fmartin/symphony/trello/tracker/TrelloCardReferenceParser$ReferencedRange.
	at org.jacoco.agent.rt.internal_3570298.core.instr.Instrumenter.instrumentError(Instrumenter.java:160)
	at org.jacoco.agent.rt.internal_3570298.core.instr.Instrumenter.instrument(Instrumenter.java:110)
	at org.jacoco.agent.rt.internal_3570298.CoverageTransformer.transform(CoverageTransformer.java:92)
	... 21 more
Caused by: java.lang.IllegalArgumentException: Unsupported class file major version 69
	at org.jacoco.agent.rt.internal_3570298.asm.ClassReader.<init>(ClassReader.java:196)
	at org.jacoco.agent.rt.internal_3570298.asm.ClassReader.<init>(ClassReader.java:177)
	at org.jacoco.agent.rt.internal_3570298.asm.ClassReader.<init>(ClassReader.java:163)
	at org.jacoco.agent.rt.internal_3570298.core.internal.instr.InstrSupport.classReaderFor(InstrSupport.java:280)
	at org.jacoco.agent.rt.internal_3570298.core.instr.Instrumenter.instrument(Instrumenter.java:76)
	at org.jacoco.agent.rt.internal_3570298.core.instr.Instrumenter.instrument(Instrumenter.java:108)
	... 22 more
#2	pulse  exec/s: 0 rss: 171Mb
#4	pulse  exec/s: 0 rss: 171Mb
#8	pulse  exec/s: 0 rss: 171Mb
java.lang.instrument.IllegalClassFormatException: Error while instrumenting ch/fmartin/symphony/trello/tracker/TrelloCardReferenceParser$Range.
	at org.jacoco.agent.rt.internal_3570298.CoverageTransformer.transform(CoverageTransformer.java:94)
	at java.instrument/java.lang.instrument.ClassFileTransformer.transform(ClassFileTransformer.java:257)
	at java.instrument/sun.instrument.TransformerManager.transform(TransformerManager.java:188)
	at java.instrument/sun.instrument.InstrumentationImpl.transform(InstrumentationImpl.java:594)
	at java.base/java.lang.ClassLoader.defineClass1(Native Method)
	at java.base/java.lang.ClassLoader.defineClass(ClassLoader.java:962)
	at java.base/java.security.SecureClassLoader.defineClass(SecureClassLoader.java:144)
	at java.base/jdk.internal.loader.BuiltinClassLoader.defineClass(BuiltinClassLoader.java:776)
	at java.base/jdk.internal.loader.BuiltinClassLoader.findClassOnClassPathOrNull(BuiltinClassLoader.java:691)
	at java.base/jdk.internal.loader.BuiltinClassLoader.loadClassOrNull(BuiltinClassLoader.java:620)
	at java.base/jdk.internal.loader.BuiltinClassLoader.loadClass(BuiltinClassLoader.java:578)
	at java.base/java.lang.ClassLoader.loadClass(ClassLoader.java:490)
	at ch.fmartin.symphony.trello.tracker.TrelloCardReferenceParser.cardUrlRanges(TrelloCardReferenceParser.java:100)
	at ch.fmartin.symphony.trello.tracker.TrelloCardReferenceParser.containsTrelloCardUrl(TrelloCardReferenceParser.java:44)
	at ch.fmartin.symphony.trello.tracker.TrelloReferenceFuzzInvariants.parseReferences(TrelloReferenceFuzzInvariants.java:17)
	at ch.fmartin.symphony.trello.fuzz.TrelloCardReferenceParserFuzzer.fuzzerTestOneInput(TrelloCardReferenceParserFuzzer.java:12)
	at com.code_intelligence.jazzer.driver.FuzzTargetRunner.runOne(FuzzTargetRunner.java:234)
	at com.code_intelligence.jazzer.runtime.FuzzTargetRunnerNatives.startLibFuzzer(Native Method)
	at com.code_intelligence.jazzer.driver.FuzzTargetRunner.startLibFuzzer(FuzzTargetRunner.java:551)
	at com.code_intelligence.jazzer.driver.FuzzTargetRunner.startLibFuzzer(FuzzTargetRunner.java:441)
	at com.code_intelligence.jazzer.driver.Driver.start(Driver.java:181)
	at com.code_intelligence.jazzer.Jazzer.start(Jazzer.java:118)
	at com.code_intelligence.jazzer.Jazzer.main(Jazzer.java:71)
Caused by: java.io.IOException: Error while instrumenting ch/fmartin/symphony/trello/tracker/TrelloCardReferenceParser$Range.
	at org.jacoco.agent.rt.internal_3570298.core.instr.Instrumenter.instrumentError(Instrumenter.java:160)
	at org.jacoco.agent.rt.internal_3570298.core.instr.Instrumenter.instrument(Instrumenter.java:110)
	at org.jacoco.agent.rt.internal_3570298.CoverageTransformer.transform(CoverageTransformer.java:92)
	... 22 more
Caused by: java.lang.IllegalArgumentException: Unsupported class file major version 69
	at org.jacoco.agent.rt.internal_3570298.asm.ClassReader.<init>(ClassReader.java:196)
	at org.jacoco.agent.rt.internal_3570298.asm.ClassReader.<init>(ClassReader.java:177)
	at org.jacoco.agent.rt.internal_3570298.asm.ClassReader.<init>(ClassReader.java:163)
	at org.jacoco.agent.rt.internal_3570298.core.internal.instr.InstrSupport.classReaderFor(InstrSupport.java:280)
	at org.jacoco.agent.rt.internal_3570298.core.instr.Instrumenter.instrument(Instrumenter.java:76)
	at org.jacoco.agent.rt.internal_3570298.core.instr.Instrumenter.instrument(Instrumenter.java:108)
	... 23 more
#16	pulse  exec/s: 0 rss: 171Mb
#32	pulse  exec/s: 0 rss: 171Mb
#64	pulse  exec/s: 0 rss: 171Mb
#91	DONE   exec/s: 0 rss: 171Mb
MERGE-OUTER: successful in 1 attempt(s)
MERGE-OUTER: the control file has 12009 bytes
MERGE-OUTER: consumed 0Mb (175Mb rss) to parse the control file
MERGE-OUTER: 0 new files with 0 new features added; 0 new coverage edges
